{"pages":["MyCustomFont.png"],"chars":[{"id":8212,"index":525,"char":"—","width":49,"height":7,"xoffset":-2,"yoffset":22,"xadvance":45,"chnl":15,"x":0,"y":0,"page":0},{"id":124,"index":98,"char":"|","width":8,"height":49,"xoffset":2,"yoffset":1,"xadvance":11,"chnl":15,"x":50,"y":0,"page":0},{"id":946,"index":348,"char":"β","width":24,"height":49,"xoffset":2,"yoffset":2,"xadvance":25,"chnl":15,"x":0,"y":8,"page":0},{"id":106,"index":80,"char":"j","width":16,"height":48,"xoffset":-6,"yoffset":3,"xadvance":11,"chnl":15,"x":25,"y":8,"page":0},{"id":8747,"index":635,"char":"∫","width":20,"height":48,"xoffset":2,"yoffset":2,"xadvance":25,"chnl":15,"x":0,"y":58,"page":0},{"id":1092,"index":487,"char":"ф","width":32,"height":47,"xoffset":0,"yoffset":4,"xadvance":32,"chnl":15,"x":0,"y":107,"page":0},{"id":87,"index":61,"char":"W","width":46,"height":36,"xoffset":-1,"yoffset":4,"xadvance":43,"chnl":15,"x":21,"y":58,"page":0},{"id":8721,"index":604,"char":"∑","width":30,"height":46,"xoffset":-1,"yoffset":4,"xadvance":28,"chnl":15,"x":59,"y":0,"page":0},{"id":8719,"index":603,"char":"∏","width":30,"height":46,"xoffset":2,"yoffset":4,"xadvance":34,"chnl":15,"x":0,"y":155,"page":0},{"id":81,"index":55,"char":"Q","width":35,"height":45,"xoffset":0,"yoffset":4,"xadvance":34,"chnl":15,"x":0,"y":202,"page":0},{"id":1046,"index":441,"char":"Ж","width":45,"height":36,"xoffset":-2,"yoffset":4,"xadvance":40,"chnl":15,"x":31,"y":155,"page":0},{"id":1031,"index":427,"char":"Ї","width":17,"height":45,"xoffset":-2,"yoffset":-5,"xadvance":12,"chnl":15,"x":33,"y":95,"page":0},{"id":958,"index":360,"char":"ξ","width":22,"height":45,"xoffset":0,"yoffset":2,"xadvance":20,"chnl":15,"x":51,"y":95,"page":0},{"id":214,"index":151,"char":"Ö","width":34,"height":44,"xoffset":0,"yoffset":-3,"xadvance":34,"chnl":15,"x":68,"y":47,"page":0},{"id":220,"index":157,"char":"Ü","width":28,"height":44,"xoffset":2,"yoffset":-3,"xadvance":31,"chnl":15,"x":90,"y":0,"page":0},{"id":36,"index":10,"char":"$","width":22,"height":44,"xoffset":1,"yoffset":0,"xadvance":25,"chnl":15,"x":74,"y":92,"page":0},{"id":1044,"index":439,"char":"Д","width":34,"height":44,"xoffset":-2,"yoffset":4,"xadvance":32,"chnl":15,"x":0,"y":248,"page":0},{"id":1049,"index":444,"char":"Й","width":30,"height":44,"xoffset":2,"yoffset":-4,"xadvance":34,"chnl":15,"x":0,"y":293,"page":0},{"id":1062,"index":457,"char":"Ц","width":33,"height":44,"xoffset":2,"yoffset":4,"xadvance":34,"chnl":15,"x":0,"y":338,"page":0},{"id":1065,"index":460,"char":"Щ","width":43,"height":44,"xoffset":2,"yoffset":4,"xadvance":45,"chnl":15,"x":31,"y":293,"page":0},{"id":1070,"index":465,"char":"Ю","width":44,"height":37,"xoffset":2,"yoffset":4,"xadvance":46,"chnl":15,"x":35,"y":248,"page":0},{"id":950,"index":352,"char":"ζ","width":22,"height":44,"xoffset":0,"yoffset":2,"xadvance":20,"chnl":15,"x":36,"y":192,"page":0},{"id":968,"index":370,"char":"ψ","width":32,"height":44,"xoffset":1,"yoffset":7,"xadvance":34,"chnl":15,"x":59,"y":192,"page":0},{"id":196,"index":133,"char":"Ä","width":33,"height":43,"xoffset":-2,"yoffset":-3,"xadvance":30,"chnl":15,"x":77,"y":137,"page":0},{"id":40,"index":14,"char":"(","width":14,"height":43,"xoffset":1,"yoffset":4,"xadvance":14,"chnl":15,"x":97,"y":92,"page":0},{"id":41,"index":15,"char":")","width":15,"height":43,"xoffset":-2,"yoffset":4,"xadvance":14,"chnl":15,"x":103,"y":45,"page":0},{"id":91,"index":65,"char":"[","width":12,"height":43,"xoffset":2,"yoffset":4,"xadvance":14,"chnl":15,"x":0,"y":383,"page":0},{"id":93,"index":67,"char":"]","width":12,"height":43,"xoffset":-1,"yoffset":4,"xadvance":14,"chnl":15,"x":0,"y":427,"page":0},{"id":123,"index":97,"char":"{","width":15,"height":43,"xoffset":0,"yoffset":4,"xadvance":14,"chnl":15,"x":0,"y":471,"page":0},{"id":125,"index":99,"char":"}","width":15,"height":43,"xoffset":-1,"yoffset":4,"xadvance":14,"chnl":15,"x":13,"y":383,"page":0},{"id":1025,"index":421,"char":"Ё","width":21,"height":43,"xoffset":2,"yoffset":-3,"xadvance":23,"chnl":15,"x":13,"y":427,"page":0},{"id":8594,"index":594,"char":"→","width":43,"height":19,"xoffset":0,"yoffset":11,"xadvance":42,"chnl":15,"x":29,"y":383,"page":0},{"id":8592,"index":592,"char":"←","width":43,"height":19,"xoffset":0,"yoffset":11,"xadvance":42,"chnl":15,"x":29,"y":403,"page":0},{"id":9312,"index":658,"char":"①","width":43,"height":43,"xoffset":0,"yoffset":5,"xadvance":42,"chnl":15,"x":34,"y":338,"page":0},{"id":9313,"index":659,"char":"②","width":43,"height":43,"xoffset":0,"yoffset":5,"xadvance":42,"chnl":15,"x":75,"y":286,"page":0},{"id":9314,"index":660,"char":"③","width":43,"height":43,"xoffset":0,"yoffset":5,"xadvance":42,"chnl":15,"x":80,"y":237,"page":0},{"id":9315,"index":661,"char":"④","width":43,"height":43,"xoffset":0,"yoffset":5,"xadvance":42,"chnl":15,"x":92,"y":181,"page":0},{"id":9316,"index":662,"char":"⑤","width":43,"height":43,"xoffset":0,"yoffset":5,"xadvance":42,"chnl":15,"x":111,"y":136,"page":0},{"id":9317,"index":663,"char":"⑥","width":43,"height":43,"xoffset":0,"yoffset":5,"xadvance":42,"chnl":15,"x":112,"y":89,"page":0},{"id":9318,"index":664,"char":"⑦","width":43,"height":43,"xoffset":0,"yoffset":5,"xadvance":42,"chnl":15,"x":119,"y":0,"page":0},{"id":9319,"index":665,"char":"⑧","width":43,"height":43,"xoffset":0,"yoffset":5,"xadvance":42,"chnl":15,"x":119,"y":44,"page":0},{"id":9320,"index":666,"char":"⑨","width":43,"height":43,"xoffset":0,"yoffset":5,"xadvance":42,"chnl":15,"x":0,"y":515,"page":0},{"id":1168,"index":513,"char":"Ґ","width":21,"height":42,"xoffset":2,"yoffset":-2,"xadvance":22,"chnl":15,"x":16,"y":471,"page":0},{"id":92,"index":66,"char":"\\","width":23,"height":41,"xoffset":-3,"yoffset":4,"xadvance":17,"chnl":15,"x":35,"y":423,"page":0},{"id":47,"index":21,"char":"/","width":23,"height":41,"xoffset":-3,"yoffset":4,"xadvance":18,"chnl":15,"x":38,"y":465,"page":0},{"id":64,"index":38,"char":"@","width":40,"height":40,"xoffset":2,"yoffset":4,"xadvance":43,"chnl":15,"x":59,"y":423,"page":0},{"id":8593,"index":593,"char":"↑","width":19,"height":40,"xoffset":1,"yoffset":2,"xadvance":21,"chnl":15,"x":73,"y":382,"page":0},{"id":8595,"index":595,"char":"↓","width":19,"height":40,"xoffset":1,"yoffset":2,"xadvance":21,"chnl":15,"x":78,"y":330,"page":0},{"id":189,"index":126,"char":"½","width":40,"height":36,"xoffset":1,"yoffset":4,"xadvance":42,"chnl":15,"x":93,"y":371,"page":0},{"id":8539,"index":566,"char":"⅛","width":40,"height":37,"xoffset":1,"yoffset":4,"xadvance":41,"chnl":15,"x":98,"y":330,"page":0},{"id":8540,"index":567,"char":"⅜","width":40,"height":37,"xoffset":1,"yoffset":4,"xadvance":41,"chnl":15,"x":119,"y":281,"page":0},{"id":223,"index":160,"char":"ß","width":24,"height":39,"xoffset":2,"yoffset":2,"xadvance":25,"chnl":15,"x":124,"y":225,"page":0},{"id":1064,"index":459,"char":"Ш","width":39,"height":36,"xoffset":2,"yoffset":4,"xadvance":43,"chnl":15,"x":136,"y":180,"page":0},{"id":948,"index":350,"char":"δ","width":27,"height":39,"xoffset":0,"yoffset":2,"xadvance":27,"chnl":15,"x":155,"y":133,"page":0},{"id":952,"index":354,"char":"θ","width":27,"height":39,"xoffset":0,"yoffset":2,"xadvance":27,"chnl":15,"x":156,"y":88,"page":0},{"id":188,"index":125,"char":"¼","width":39,"height":36,"xoffset":1,"yoffset":4,"xadvance":41,"chnl":15,"x":149,"y":217,"page":0},{"id":190,"index":127,"char":"¾","width":39,"height":36,"xoffset":1,"yoffset":4,"xadvance":41,"chnl":15,"x":176,"y":173,"page":0},{"id":8541,"index":568,"char":"⅝","width":39,"height":36,"xoffset":1,"yoffset":4,"xadvance":41,"chnl":15,"x":183,"y":128,"page":0},{"id":8542,"index":569,"char":"⅞","width":39,"height":36,"xoffset":1,"yoffset":4,"xadvance":41,"chnl":15,"x":163,"y":0,"page":0},{"id":98,"index":72,"char":"b","width":25,"height":38,"xoffset":2,"yoffset":2,"xadvance":27,"chnl":15,"x":163,"y":37,"page":0},{"id":100,"index":74,"char":"d","width":25,"height":38,"xoffset":0,"yoffset":2,"xadvance":27,"chnl":15,"x":184,"y":76,"page":0},{"id":102,"index":76,"char":"f","width":18,"height":38,"xoffset":-1,"yoffset":2,"xadvance":15,"chnl":15,"x":189,"y":37,"page":0},{"id":103,"index":77,"char":"g","width":25,"height":38,"xoffset":0,"yoffset":13,"xadvance":27,"chnl":15,"x":208,"y":0,"page":0},{"id":104,"index":78,"char":"h","width":23,"height":38,"xoffset":2,"yoffset":2,"xadvance":26,"chnl":15,"x":210,"y":39,"page":0},{"id":107,"index":81,"char":"k","width":23,"height":38,"xoffset":2,"yoffset":2,"xadvance":23,"chnl":15,"x":210,"y":78,"page":0},{"id":108,"index":82,"char":"l","width":8,"height":38,"xoffset":2,"yoffset":2,"xadvance":11,"chnl":15,"x":0,"y":559,"page":0},{"id":112,"index":86,"char":"p","width":25,"height":38,"xoffset":2,"yoffset":13,"xadvance":27,"chnl":15,"x":0,"y":598,"page":0},{"id":113,"index":87,"char":"q","width":25,"height":38,"xoffset":0,"yoffset":13,"xadvance":27,"chnl":15,"x":9,"y":559,"page":0},{"id":37,"index":11,"char":"%","width":38,"height":37,"xoffset":0,"yoffset":4,"xadvance":37,"chnl":15,"x":0,"y":637,"page":0},{"id":1073,"index":468,"char":"б","width":26,"height":38,"xoffset":1,"yoffset":2,"xadvance":26,"chnl":15,"x":26,"y":598,"page":0},{"id":1078,"index":473,"char":"ж","width":38,"height":27,"xoffset":-2,"yoffset":13,"xadvance":34,"chnl":15,"x":35,"y":559,"page":0},{"id":1088,"index":483,"char":"р","width":25,"height":38,"xoffset":2,"yoffset":13,"xadvance":27,"chnl":15,"x":44,"y":507,"page":0},{"id":167,"index":104,"char":"§","width":19,"height":38,"xoffset":1,"yoffset":3,"xadvance":21,"chnl":15,"x":62,"y":464,"page":0},{"id":8734,"index":626,"char":"∞","width":38,"height":21,"xoffset":0,"yoffset":14,"xadvance":37,"chnl":15,"x":149,"y":254,"page":0},{"id":8730,"index":624,"char":"√","width":26,"height":38,"xoffset":1,"yoffset":2,"xadvance":29,"chnl":15,"x":70,"y":503,"page":0},{"id":8706,"index":600,"char":"∂","width":25,"height":38,"xoffset":0,"yoffset":3,"xadvance":25,"chnl":15,"x":82,"y":464,"page":0},{"id":966,"index":368,"char":"φ","width":32,"height":38,"xoffset":0,"yoffset":13,"xadvance":32,"chnl":15,"x":100,"y":408,"page":0},{"id":951,"index":353,"char":"η","width":24,"height":38,"xoffset":1,"yoffset":13,"xadvance":26,"chnl":15,"x":0,"y":675,"page":0},{"id":955,"index":357,"char":"λ","width":26,"height":38,"xoffset":-2,"yoffset":2,"xadvance":23,"chnl":15,"x":0,"y":714,"page":0},{"id":967,"index":369,"char":"χ","width":28,"height":38,"xoffset":-2,"yoffset":13,"xadvance":24,"chnl":15,"x":25,"y":675,"page":0},{"id":67,"index":41,"char":"C","width":28,"height":37,"xoffset":0,"yoffset":4,"xadvance":28,"chnl":15,"x":39,"y":637,"page":0},{"id":71,"index":45,"char":"G","width":30,"height":37,"xoffset":0,"yoffset":4,"xadvance":31,"chnl":15,"x":53,"y":587,"page":0},{"id":105,"index":79,"char":"i","width":9,"height":37,"xoffset":1,"yoffset":3,"xadvance":11,"chnl":15,"x":74,"y":542,"page":0},{"id":77,"index":51,"char":"M","width":37,"height":36,"xoffset":2,"yoffset":4,"xadvance":41,"chnl":15,"x":0,"y":753,"page":0},{"id":109,"index":83,"char":"m","width":37,"height":27,"xoffset":2,"yoffset":13,"xadvance":39,"chnl":15,"x":27,"y":714,"page":0},{"id":79,"index":53,"char":"O","width":34,"height":37,"xoffset":0,"yoffset":4,"xadvance":34,"chnl":15,"x":54,"y":675,"page":0},{"id":83,"index":57,"char":"S","width":24,"height":37,"xoffset":1,"yoffset":4,"xadvance":24,"chnl":15,"x":68,"y":625,"page":0},{"id":121,"index":95,"char":"y","width":26,"height":37,"xoffset":-2,"yoffset":13,"xadvance":22,"chnl":15,"x":84,"y":542,"page":0},{"id":48,"index":22,"char":"0","width":25,"height":37,"xoffset":0,"yoffset":4,"xadvance":25,"chnl":15,"x":97,"y":503,"page":0},{"id":51,"index":25,"char":"3","width":23,"height":37,"xoffset":1,"yoffset":4,"xadvance":25,"chnl":15,"x":84,"y":580,"page":0},{"id":54,"index":28,"char":"6","width":24,"height":37,"xoffset":0,"yoffset":4,"xadvance":25,"chnl":15,"x":108,"y":447,"page":0},{"id":56,"index":30,"char":"8","width":24,"height":37,"xoffset":0,"yoffset":4,"xadvance":25,"chnl":15,"x":0,"y":790,"page":0},{"id":57,"index":31,"char":"9","width":24,"height":37,"xoffset":0,"yoffset":4,"xadvance":25,"chnl":15,"x":0,"y":828,"page":0},{"id":63,"index":37,"char":"?","width":19,"height":37,"xoffset":1,"yoffset":4,"xadvance":20,"chnl":15,"x":0,"y":866,"page":0},{"id":38,"index":12,"char":"&","width":37,"height":37,"xoffset":1,"yoffset":4,"xadvance":37,"chnl":15,"x":0,"y":904,"page":0},{"id":1047,"index":442,"char":"З","width":24,"height":37,"xoffset":0,"yoffset":4,"xadvance":25,"chnl":15,"x":20,"y":866,"page":0},{"id":1081,"index":476,"char":"й","width":23,"height":37,"xoffset":2,"yoffset":3,"xadvance":27,"chnl":15,"x":25,"y":790,"page":0},{"id":1052,"index":447,"char":"М","width":37,"height":36,"xoffset":2,"yoffset":4,"xadvance":41,"chnl":15,"x":25,"y":828,"page":0},{"id":1054,"index":449,"char":"О","width":34,"height":37,"xoffset":0,"yoffset":4,"xadvance":34,"chnl":15,"x":38,"y":742,"page":0},{"id":1057,"index":452,"char":"С","width":28,"height":37,"xoffset":0,"yoffset":4,"xadvance":28,"chnl":15,"x":49,"y":780,"page":0},{"id":1091,"index":486,"char":"у","width":26,"height":37,"xoffset":-2,"yoffset":13,"xadvance":22,"chnl":15,"x":73,"y":713,"page":0},{"id":1060,"index":455,"char":"Ф","width":34,"height":37,"xoffset":0,"yoffset":3,"xadvance":34,"chnl":15,"x":89,"y":663,"page":0},{"id":1097,"index":492,"char":"щ","width":37,"height":35,"xoffset":2,"yoffset":13,"xadvance":38,"chnl":15,"x":93,"y":618,"page":0},{"id":1069,"index":464,"char":"Э","width":28,"height":37,"xoffset":0,"yoffset":4,"xadvance":28,"chnl":15,"x":108,"y":580,"page":0},{"id":1028,"index":424,"char":"Є","width":28,"height":37,"xoffset":0,"yoffset":4,"xadvance":28,"chnl":15,"x":111,"y":541,"page":0},{"id":1110,"index":504,"char":"і","width":9,"height":37,"xoffset":1,"yoffset":3,"xadvance":11,"chnl":15,"x":123,"y":485,"page":0},{"id":169,"index":106,"char":"©","width":37,"height":37,"xoffset":2,"yoffset":4,"xadvance":40,"chnl":15,"x":0,"y":942,"page":0},{"id":174,"index":111,"char":"®","width":37,"height":37,"xoffset":2,"yoffset":4,"xadvance":40,"chnl":15,"x":0,"y":980,"page":0},{"id":181,"index":118,"char":"µ","width":26,"height":37,"xoffset":2,"yoffset":13,"xadvance":26,"chnl":15,"x":38,"y":904,"page":0},{"id":920,"index":323,"char":"Θ","width":34,"height":37,"xoffset":0,"yoffset":4,"xadvance":34,"chnl":15,"x":45,"y":865,"page":0},{"id":924,"index":327,"char":"Μ","width":37,"height":36,"xoffset":2,"yoffset":4,"xadvance":41,"chnl":15,"x":63,"y":818,"page":0},{"id":927,"index":330,"char":"Ο","width":34,"height":37,"xoffset":0,"yoffset":4,"xadvance":34,"chnl":15,"x":78,"y":751,"page":0},{"id":947,"index":349,"char":"γ","width":26,"height":37,"xoffset":-2,"yoffset":13,"xadvance":24,"chnl":15,"x":100,"y":701,"page":0},{"id":65,"index":39,"char":"A","width":33,"height":36,"xoffset":-2,"yoffset":4,"xadvance":30,"chnl":15,"x":124,"y":654,"page":0},{"id":66,"index":40,"char":"B","width":24,"height":36,"xoffset":2,"yoffset":4,"xadvance":26,"chnl":15,"x":137,"y":579,"page":0},{"id":68,"index":42,"char":"D","width":30,"height":36,"xoffset":2,"yoffset":4,"xadvance":32,"chnl":15,"x":137,"y":616,"page":0},{"id":69,"index":43,"char":"E","width":21,"height":36,"xoffset":2,"yoffset":4,"xadvance":23,"chnl":15,"x":38,"y":942,"page":0},{"id":70,"index":44,"char":"F","width":20,"height":36,"xoffset":2,"yoffset":4,"xadvance":22,"chnl":15,"x":38,"y":979,"page":0},{"id":72,"index":46,"char":"H","width":28,"height":36,"xoffset":2,"yoffset":4,"xadvance":32,"chnl":15,"x":59,"y":979,"page":0},{"id":73,"index":47,"char":"I","width":14,"height":36,"xoffset":-1,"yoffset":4,"xadvance":12,"chnl":15,"x":60,"y":942,"page":0},{"id":74,"index":48,"char":"J","width":16,"height":36,"xoffset":-2,"yoffset":4,"xadvance":17,"chnl":15,"x":65,"y":903,"page":0},{"id":75,"index":49,"char":"K","width":27,"height":36,"xoffset":2,"yoffset":4,"xadvance":27,"chnl":15,"x":75,"y":940,"page":0},{"id":76,"index":50,"char":"L","width":21,"height":36,"xoffset":2,"yoffset":4,"xadvance":22,"chnl":15,"x":80,"y":855,"page":0},{"id":78,"index":52,"char":"N","width":30,"height":36,"xoffset":2,"yoffset":4,"xadvance":34,"chnl":15,"x":88,"y":977,"page":0},{"id":80,"index":54,"char":"P","width":24,"height":36,"xoffset":2,"yoffset":4,"xadvance":26,"chnl":15,"x":82,"y":892,"page":0},{"id":82,"index":56,"char":"R","width":27,"height":36,"xoffset":2,"yoffset":4,"xadvance":27,"chnl":15,"x":103,"y":929,"page":0},{"id":84,"index":58,"char":"T","width":26,"height":36,"xoffset":-1,"yoffset":4,"xadvance":24,"chnl":15,"x":119,"y":966,"page":0},{"id":85,"index":59,"char":"U","width":28,"height":36,"xoffset":2,"yoffset":4,"xadvance":31,"chnl":15,"x":101,"y":789,"page":0},{"id":86,"index":60,"char":"V","width":32,"height":36,"xoffset":-2,"yoffset":4,"xadvance":28,"chnl":15,"x":113,"y":739,"page":0},{"id":119,"index":93,"char":"w","width":36,"height":27,"xoffset":-1,"yoffset":13,"xadvance":33,"chnl":15,"x":101,"y":826,"page":0},{"id":88,"index":62,"char":"X","width":30,"height":36,"xoffset":-1,"yoffset":4,"xadvance":27,"chnl":15,"x":102,"y":854,"page":0},{"id":89,"index":63,"char":"Y","width":29,"height":36,"xoffset":-2,"yoffset":4,"xadvance":25,"chnl":15,"x":107,"y":891,"page":0},{"id":90,"index":64,"char":"Z","width":28,"height":36,"xoffset":-1,"yoffset":4,"xadvance":26,"chnl":15,"x":133,"y":854,"page":0},{"id":228,"index":165,"char":"ä","width":22,"height":36,"xoffset":0,"yoffset":5,"xadvance":23,"chnl":15,"x":131,"y":928,"page":0},{"id":246,"index":183,"char":"ö","width":27,"height":36,"xoffset":0,"yoffset":5,"xadvance":27,"chnl":15,"x":137,"y":891,"page":0},{"id":252,"index":189,"char":"ü","width":23,"height":36,"xoffset":1,"yoffset":5,"xadvance":26,"chnl":15,"x":127,"y":691,"page":0},{"id":49,"index":23,"char":"1","width":22,"height":36,"xoffset":2,"yoffset":4,"xadvance":25,"chnl":15,"x":130,"y":776,"page":0},{"id":50,"index":24,"char":"2","width":24,"height":36,"xoffset":0,"yoffset":4,"xadvance":25,"chnl":15,"x":138,"y":813,"page":0},{"id":52,"index":26,"char":"4","width":27,"height":36,"xoffset":-2,"yoffset":4,"xadvance":25,"chnl":15,"x":162,"y":850,"page":0},{"id":53,"index":27,"char":"5","width":22,"height":36,"xoffset":2,"yoffset":4,"xadvance":25,"chnl":15,"x":146,"y":728,"page":0},{"id":55,"index":29,"char":"7","width":25,"height":36,"xoffset":0,"yoffset":4,"xadvance":25,"chnl":15,"x":151,"y":691,"page":0},{"id":33,"index":7,"char":"!","width":9,"height":36,"xoffset":2,"yoffset":4,"xadvance":13,"chnl":15,"x":158,"y":653,"page":0},{"id":1040,"index":435,"char":"А","width":33,"height":36,"xoffset":-2,"yoffset":4,"xadvance":30,"chnl":15,"x":153,"y":765,"page":0},{"id":1041,"index":436,"char":"Б","width":24,"height":36,"xoffset":2,"yoffset":4,"xadvance":26,"chnl":15,"x":169,"y":728,"page":0},{"id":1042,"index":437,"char":"В","width":24,"height":36,"xoffset":2,"yoffset":4,"xadvance":26,"chnl":15,"x":163,"y":802,"page":0},{"id":1043,"index":438,"char":"Г","width":21,"height":36,"xoffset":2,"yoffset":4,"xadvance":22,"chnl":15,"x":187,"y":765,"page":0},{"id":1045,"index":440,"char":"Е","width":21,"height":36,"xoffset":2,"yoffset":4,"xadvance":23,"chnl":15,"x":188,"y":802,"page":0},{"id":1105,"index":499,"char":"ё","width":24,"height":36,"xoffset":0,"yoffset":5,"xadvance":24,"chnl":15,"x":146,"y":965,"page":0},{"id":1048,"index":443,"char":"И","width":30,"height":36,"xoffset":2,"yoffset":4,"xadvance":34,"chnl":15,"x":154,"y":928,"page":0},{"id":1050,"index":445,"char":"К","width":27,"height":36,"xoffset":2,"yoffset":4,"xadvance":27,"chnl":15,"x":165,"y":887,"page":0},{"id":1051,"index":446,"char":"Л","width":30,"height":36,"xoffset":-2,"yoffset":4,"xadvance":31,"chnl":15,"x":190,"y":839,"page":0},{"id":1053,"index":448,"char":"Н","width":28,"height":36,"xoffset":2,"yoffset":4,"xadvance":32,"chnl":15,"x":171,"y":965,"page":0},{"id":1055,"index":450,"char":"П","width":28,"height":36,"xoffset":2,"yoffset":4,"xadvance":33,"chnl":15,"x":185,"y":924,"page":0},{"id":1056,"index":451,"char":"Р","width":24,"height":36,"xoffset":2,"yoffset":4,"xadvance":26,"chnl":15,"x":193,"y":876,"page":0},{"id":1058,"index":453,"char":"Т","width":26,"height":36,"xoffset":-1,"yoffset":4,"xadvance":24,"chnl":15,"x":200,"y":961,"page":0},{"id":1059,"index":454,"char":"У","width":29,"height":36,"xoffset":-1,"yoffset":4,"xadvance":26,"chnl":15,"x":214,"y":913,"page":0},{"id":1061,"index":456,"char":"Х","width":30,"height":36,"xoffset":-1,"yoffset":4,"xadvance":27,"chnl":15,"x":218,"y":876,"page":0},{"id":1063,"index":458,"char":"Ч","width":26,"height":36,"xoffset":2,"yoffset":4,"xadvance":30,"chnl":15,"x":227,"y":950,"page":0},{"id":1066,"index":461,"char":"Ъ","width":33,"height":36,"xoffset":-1,"yoffset":4,"xadvance":32,"chnl":15,"x":244,"y":913,"page":0},{"id":1067,"index":462,"char":"Ы","width":32,"height":36,"xoffset":2,"yoffset":4,"xadvance":36,"chnl":15,"x":227,"y":987,"page":0},{"id":1068,"index":463,"char":"Ь","width":24,"height":36,"xoffset":2,"yoffset":4,"xadvance":26,"chnl":15,"x":254,"y":950,"page":0},{"id":1102,"index":497,"char":"ю","width":36,"height":28,"xoffset":2,"yoffset":13,"xadvance":37,"chnl":15,"x":260,"y":987,"page":0},{"id":1071,"index":466,"char":"Я","width":26,"height":36,"xoffset":-1,"yoffset":4,"xadvance":27,"chnl":15,"x":133,"y":408,"page":0},{"id":1030,"index":426,"char":"І","width":14,"height":36,"xoffset":-1,"yoffset":4,"xadvance":12,"chnl":15,"x":134,"y":368,"page":0},{"id":182,"index":119,"char":"¶","width":21,"height":36,"xoffset":0,"yoffset":4,"xadvance":21,"chnl":15,"x":139,"y":319,"page":0},{"id":8710,"index":601,"char":"∆","width":31,"height":36,"xoffset":-1,"yoffset":4,"xadvance":30,"chnl":15,"x":160,"y":276,"page":0},{"id":913,"index":316,"char":"Α","width":33,"height":36,"xoffset":-2,"yoffset":4,"xadvance":30,"chnl":15,"x":149,"y":356,"page":0},{"id":914,"index":317,"char":"Β","width":24,"height":36,"xoffset":2,"yoffset":4,"xadvance":26,"chnl":15,"x":161,"y":313,"page":0},{"id":915,"index":318,"char":"Γ","width":21,"height":36,"xoffset":2,"yoffset":4,"xadvance":22,"chnl":15,"x":189,"y":210,"page":0},{"id":916,"index":319,"char":"Δ","width":31,"height":36,"xoffset":-1,"yoffset":4,"xadvance":30,"chnl":15,"x":133,"y":445,"page":0},{"id":917,"index":320,"char":"Ε","width":21,"height":36,"xoffset":2,"yoffset":4,"xadvance":23,"chnl":15,"x":160,"y":393,"page":0},{"id":918,"index":321,"char":"Ζ","width":28,"height":36,"xoffset":-1,"yoffset":4,"xadvance":26,"chnl":15,"x":133,"y":482,"page":0},{"id":919,"index":322,"char":"Η","width":28,"height":36,"xoffset":2,"yoffset":4,"xadvance":32,"chnl":15,"x":140,"y":519,"page":0},{"id":921,"index":324,"char":"Ι","width":14,"height":36,"xoffset":-1,"yoffset":4,"xadvance":12,"chnl":15,"x":162,"y":482,"page":0},{"id":922,"index":325,"char":"Κ","width":27,"height":36,"xoffset":2,"yoffset":4,"xadvance":27,"chnl":15,"x":165,"y":430,"page":0},{"id":923,"index":326,"char":"Λ","width":32,"height":36,"xoffset":-2,"yoffset":4,"xadvance":29,"chnl":15,"x":182,"y":393,"page":0},{"id":925,"index":328,"char":"Ν","width":30,"height":36,"xoffset":2,"yoffset":4,"xadvance":34,"chnl":15,"x":183,"y":350,"page":0},{"id":926,"index":329,"char":"Ξ","width":25,"height":36,"xoffset":-1,"yoffset":4,"xadvance":23,"chnl":15,"x":186,"y":313,"page":0},{"id":928,"index":331,"char":"Π","width":28,"height":36,"xoffset":2,"yoffset":4,"xadvance":33,"chnl":15,"x":162,"y":556,"page":0},{"id":929,"index":332,"char":"Ρ","width":24,"height":36,"xoffset":2,"yoffset":4,"xadvance":26,"chnl":15,"x":169,"y":519,"page":0},{"id":931,"index":333,"char":"Σ","width":26,"height":36,"xoffset":-1,"yoffset":4,"xadvance":24,"chnl":15,"x":177,"y":467,"page":0},{"id":932,"index":334,"char":"Τ","width":26,"height":36,"xoffset":-1,"yoffset":4,"xadvance":24,"chnl":15,"x":193,"y":430,"page":0},{"id":933,"index":335,"char":"Υ","width":29,"height":36,"xoffset":-2,"yoffset":4,"xadvance":25,"chnl":15,"x":192,"y":247,"page":0},{"id":934,"index":336,"char":"Φ","width":34,"height":36,"xoffset":0,"yoffset":4,"xadvance":35,"chnl":15,"x":211,"y":210,"page":0},{"id":935,"index":337,"char":"Χ","width":30,"height":36,"xoffset":-1,"yoffset":4,"xadvance":27,"chnl":15,"x":216,"y":165,"page":0},{"id":936,"index":338,"char":"Ψ","width":33,"height":36,"xoffset":1,"yoffset":4,"xadvance":35,"chnl":15,"x":223,"y":117,"page":0},{"id":937,"index":339,"char":"Ω","width":34,"height":36,"xoffset":0,"yoffset":4,"xadvance":34,"chnl":15,"x":212,"y":284,"page":0},{"id":961,"index":363,"char":"ρ","width":25,"height":36,"xoffset":1,"yoffset":13,"xadvance":27,"chnl":15,"x":222,"y":247,"page":0},{"id":969,"index":371,"char":"ω","width":36,"height":27,"xoffset":1,"yoffset":13,"xadvance":37,"chnl":15,"x":212,"y":321,"page":0},{"id":1076,"index":471,"char":"д","width":27,"height":35,"xoffset":-2,"yoffset":13,"xadvance":25,"chnl":15,"x":247,"y":284,"page":0},{"id":1094,"index":489,"char":"ц","width":27,"height":35,"xoffset":2,"yoffset":13,"xadvance":27,"chnl":15,"x":214,"y":349,"page":0},{"id":1111,"index":505,"char":"ї","width":17,"height":35,"xoffset":-3,"yoffset":5,"xadvance":11,"chnl":15,"x":246,"y":202,"page":0},{"id":8711,"index":0,"char":"∇","width":26,"height":35,"xoffset":2,"yoffset":5,"xadvance":29,"chnl":15,"x":215,"y":385,"page":0},{"id":8713,"index":0,"char":"∉","width":26,"height":35,"xoffset":2,"yoffset":5,"xadvance":29,"chnl":15,"x":248,"y":238,"page":0},{"id":8745,"index":633,"char":"∩","width":28,"height":35,"xoffset":1,"yoffset":5,"xadvance":30,"chnl":15,"x":247,"y":154,"page":0},{"id":8709,"index":0,"char":"∅","width":26,"height":35,"xoffset":2,"yoffset":5,"xadvance":29,"chnl":15,"x":264,"y":190,"page":0},{"id":8834,"index":0,"char":"⊂","width":26,"height":35,"xoffset":2,"yoffset":5,"xadvance":29,"chnl":15,"x":168,"y":593,"page":0},{"id":8835,"index":0,"char":"⊃","width":26,"height":35,"xoffset":2,"yoffset":5,"xadvance":29,"chnl":15,"x":191,"y":556,"page":0},{"id":8838,"index":0,"char":"⊆","width":26,"height":35,"xoffset":2,"yoffset":5,"xadvance":29,"chnl":15,"x":194,"y":504,"page":0},{"id":8839,"index":0,"char":"⊇","width":26,"height":35,"xoffset":2,"yoffset":5,"xadvance":29,"chnl":15,"x":204,"y":467,"page":0},{"id":8704,"index":0,"char":"∀","width":26,"height":35,"xoffset":2,"yoffset":5,"xadvance":29,"chnl":15,"x":220,"y":421,"page":0},{"id":8707,"index":0,"char":"∃","width":26,"height":35,"xoffset":2,"yoffset":5,"xadvance":29,"chnl":15,"x":168,"y":629,"page":0},{"id":8723,"index":0,"char":"∓","width":26,"height":35,"xoffset":2,"yoffset":5,"xadvance":29,"chnl":15,"x":177,"y":665,"page":0},{"id":8901,"index":0,"char":"⋅","width":26,"height":35,"xoffset":2,"yoffset":5,"xadvance":29,"chnl":15,"x":194,"y":701,"page":0},{"id":8728,"index":0,"char":"∘","width":26,"height":35,"xoffset":2,"yoffset":5,"xadvance":29,"chnl":15,"x":209,"y":737,"page":0},{"id":8658,"index":0,"char":"⇒","width":26,"height":35,"xoffset":2,"yoffset":5,"xadvance":29,"chnl":15,"x":210,"y":773,"page":0},{"id":8660,"index":0,"char":"⇔","width":26,"height":35,"xoffset":2,"yoffset":5,"xadvance":29,"chnl":15,"x":221,"y":809,"page":0},{"id":8596,"index":0,"char":"↔","width":26,"height":35,"xoffset":2,"yoffset":5,"xadvance":29,"chnl":15,"x":242,"y":349,"page":0},{"id":956,"index":358,"char":"μ","width":24,"height":35,"xoffset":2,"yoffset":13,"xadvance":26,"chnl":15,"x":242,"y":385,"page":0},{"id":9825,"index":0,"char":"♡","width":26,"height":35,"xoffset":2,"yoffset":5,"xadvance":29,"chnl":15,"x":195,"y":592,"page":0},{"id":9829,"index":0,"char":"♥","width":26,"height":35,"xoffset":2,"yoffset":5,"xadvance":29,"chnl":15,"x":195,"y":628,"page":0},{"id":65039,"index":0,"char":"️","width":26,"height":35,"xoffset":2,"yoffset":5,"xadvance":29,"chnl":15,"x":204,"y":664,"page":0},{"id":55357,"index":0,"char":"💜","width":26,"height":35,"xoffset":2,"yoffset":5,"xadvance":29,"chnl":15,"x":221,"y":700,"page":0},{"id":9786,"index":0,"char":"☺","width":26,"height":35,"xoffset":2,"yoffset":5,"xadvance":29,"chnl":15,"x":236,"y":736,"page":0},{"id":9787,"index":0,"char":"☻","width":26,"height":35,"xoffset":2,"yoffset":5,"xadvance":29,"chnl":15,"x":237,"y":772,"page":0},{"id":10032,"index":0,"char":"✰","width":26,"height":35,"xoffset":2,"yoffset":5,"xadvance":29,"chnl":15,"x":218,"y":540,"page":0},{"id":10048,"index":0,"char":"❀","width":26,"height":35,"xoffset":2,"yoffset":5,"xadvance":29,"chnl":15,"x":221,"y":503,"page":0},{"id":9745,"index":0,"char":"☑","width":26,"height":35,"xoffset":2,"yoffset":5,"xadvance":29,"chnl":15,"x":231,"y":457,"page":0},{"id":9775,"index":0,"char":"☯","width":26,"height":35,"xoffset":2,"yoffset":5,"xadvance":29,"chnl":15,"x":247,"y":421,"page":0},{"id":9752,"index":0,"char":"☘","width":26,"height":35,"xoffset":2,"yoffset":5,"xadvance":29,"chnl":15,"x":267,"y":385,"page":0},{"id":10999,"index":0,"char":"⫷","width":26,"height":35,"xoffset":2,"yoffset":5,"xadvance":29,"chnl":15,"x":269,"y":320,"page":0},{"id":11000,"index":0,"char":"⫸","width":26,"height":35,"xoffset":2,"yoffset":5,"xadvance":29,"chnl":15,"x":248,"y":808,"page":0},{"id":3844,"index":0,"char":"༄","width":26,"height":35,"xoffset":2,"yoffset":5,"xadvance":29,"chnl":15,"x":249,"y":844,"page":0},{"id":3845,"index":0,"char":"༅","width":26,"height":35,"xoffset":2,"yoffset":5,"xadvance":29,"chnl":15,"x":222,"y":576,"page":0},{"id":9749,"index":0,"char":"☕","width":26,"height":35,"xoffset":2,"yoffset":5,"xadvance":29,"chnl":15,"x":245,"y":539,"page":0},{"id":9728,"index":0,"char":"☀","width":26,"height":35,"xoffset":2,"yoffset":5,"xadvance":29,"chnl":15,"x":248,"y":493,"page":0},{"id":9788,"index":0,"char":"☼","width":26,"height":35,"xoffset":2,"yoffset":5,"xadvance":29,"chnl":15,"x":258,"y":457,"page":0},{"id":55348,"index":0,"char":"𝄞","width":26,"height":35,"xoffset":2,"yoffset":5,"xadvance":29,"chnl":15,"x":274,"y":421,"page":0},{"id":13025,"index":0,"char":"㋡","width":26,"height":35,"xoffset":2,"yoffset":5,"xadvance":29,"chnl":15,"x":222,"y":612,"page":0},{"id":9856,"index":0,"char":"⚀","width":26,"height":35,"xoffset":2,"yoffset":5,"xadvance":29,"chnl":15,"x":231,"y":648,"page":0},{"id":9857,"index":0,"char":"⚁","width":26,"height":35,"xoffset":2,"yoffset":5,"xadvance":29,"chnl":15,"x":248,"y":684,"page":0},{"id":9858,"index":0,"char":"⚂","width":26,"height":35,"xoffset":2,"yoffset":5,"xadvance":29,"chnl":15,"x":263,"y":720,"page":0},{"id":9859,"index":0,"char":"⚃","width":26,"height":35,"xoffset":2,"yoffset":5,"xadvance":29,"chnl":15,"x":264,"y":756,"page":0},{"id":9860,"index":0,"char":"⚄","width":26,"height":35,"xoffset":2,"yoffset":5,"xadvance":29,"chnl":15,"x":275,"y":792,"page":0},{"id":9861,"index":0,"char":"⚅","width":26,"height":35,"xoffset":2,"yoffset":5,"xadvance":29,"chnl":15,"x":294,"y":356,"page":0},{"id":55304,"index":0,"char":"𒆜","width":26,"height":35,"xoffset":2,"yoffset":5,"xadvance":29,"chnl":15,"x":249,"y":575,"page":0},{"id":10158,"index":0,"char":"➮","width":26,"height":35,"xoffset":2,"yoffset":5,"xadvance":29,"chnl":15,"x":249,"y":611,"page":0},{"id":10159,"index":0,"char":"➯","width":26,"height":35,"xoffset":2,"yoffset":5,"xadvance":29,"chnl":15,"x":258,"y":647,"page":0},{"id":10161,"index":0,"char":"➱","width":26,"height":35,"xoffset":2,"yoffset":5,"xadvance":29,"chnl":15,"x":275,"y":683,"page":0},{"id":10146,"index":0,"char":"➢","width":26,"height":35,"xoffset":2,"yoffset":5,"xadvance":29,"chnl":15,"x":290,"y":719,"page":0},{"id":10147,"index":0,"char":"➣","width":26,"height":35,"xoffset":2,"yoffset":5,"xadvance":29,"chnl":15,"x":291,"y":755,"page":0},{"id":10148,"index":0,"char":"➤","width":26,"height":35,"xoffset":2,"yoffset":5,"xadvance":29,"chnl":15,"x":272,"y":529,"page":0},{"id":10149,"index":0,"char":"➥","width":26,"height":35,"xoffset":2,"yoffset":5,"xadvance":29,"chnl":15,"x":275,"y":493,"page":0},{"id":10150,"index":0,"char":"➦","width":26,"height":35,"xoffset":2,"yoffset":5,"xadvance":29,"chnl":15,"x":285,"y":457,"page":0},{"id":10163,"index":0,"char":"➳","width":26,"height":35,"xoffset":2,"yoffset":5,"xadvance":29,"chnl":15,"x":301,"y":392,"page":0},{"id":10170,"index":0,"char":"➺","width":26,"height":35,"xoffset":2,"yoffset":5,"xadvance":29,"chnl":15,"x":276,"y":565,"page":0},{"id":8610,"index":0,"char":"↢","width":26,"height":35,"xoffset":2,"yoffset":5,"xadvance":29,"chnl":15,"x":299,"y":529,"page":0},{"id":8612,"index":0,"char":"↤","width":26,"height":35,"xoffset":2,"yoffset":5,"xadvance":29,"chnl":15,"x":302,"y":493,"page":0},{"id":8613,"index":0,"char":"↥","width":26,"height":35,"xoffset":2,"yoffset":5,"xadvance":29,"chnl":15,"x":276,"y":601,"page":0},{"id":8614,"index":0,"char":"↦","width":26,"height":35,"xoffset":2,"yoffset":5,"xadvance":29,"chnl":15,"x":285,"y":637,"page":0},{"id":8615,"index":0,"char":"↧","width":26,"height":35,"xoffset":2,"yoffset":5,"xadvance":29,"chnl":15,"x":302,"y":673,"page":0},{"id":8611,"index":0,"char":"↣","width":26,"height":35,"xoffset":2,"yoffset":5,"xadvance":29,"chnl":15,"x":317,"y":709,"page":0},{"id":8604,"index":0,"char":"↜","width":26,"height":35,"xoffset":2,"yoffset":5,"xadvance":29,"chnl":15,"x":312,"y":428,"page":0},{"id":8605,"index":0,"char":"↝","width":26,"height":35,"xoffset":2,"yoffset":5,"xadvance":29,"chnl":15,"x":303,"y":565,"page":0},{"id":8623,"index":0,"char":"↯","width":26,"height":35,"xoffset":2,"yoffset":5,"xadvance":29,"chnl":15,"x":303,"y":601,"page":0},{"id":8662,"index":0,"char":"⇖","width":26,"height":35,"xoffset":2,"yoffset":5,"xadvance":29,"chnl":15,"x":326,"y":529,"page":0},{"id":8663,"index":0,"char":"⇗","width":26,"height":35,"xoffset":2,"yoffset":5,"xadvance":29,"chnl":15,"x":312,"y":637,"page":0},{"id":8664,"index":0,"char":"⇘","width":26,"height":35,"xoffset":2,"yoffset":5,"xadvance":29,"chnl":15,"x":329,"y":673,"page":0},{"id":8665,"index":0,"char":"⇙","width":26,"height":35,"xoffset":2,"yoffset":5,"xadvance":29,"chnl":15,"x":329,"y":464,"page":0},{"id":8678,"index":0,"char":"⇦","width":26,"height":35,"xoffset":2,"yoffset":5,"xadvance":29,"chnl":15,"x":330,"y":565,"page":0},{"id":8679,"index":0,"char":"⇧","width":26,"height":35,"xoffset":2,"yoffset":5,"xadvance":29,"chnl":15,"x":330,"y":601,"page":0},{"id":8680,"index":0,"char":"⇨","width":26,"height":35,"xoffset":2,"yoffset":5,"xadvance":29,"chnl":15,"x":339,"y":637,"page":0},{"id":8681,"index":0,"char":"⇩","width":26,"height":35,"xoffset":2,"yoffset":5,"xadvance":29,"chnl":15,"x":353,"y":500,"page":0},{"id":10594,"index":0,"char":"⥢","width":26,"height":35,"xoffset":2,"yoffset":5,"xadvance":29,"chnl":15,"x":276,"y":828,"page":0},{"id":10595,"index":0,"char":"⥣","width":26,"height":35,"xoffset":2,"yoffset":5,"xadvance":29,"chnl":15,"x":302,"y":791,"page":0},{"id":10596,"index":0,"char":"⥤","width":26,"height":35,"xoffset":2,"yoffset":5,"xadvance":29,"chnl":15,"x":318,"y":745,"page":0},{"id":10597,"index":0,"char":"⥥","width":26,"height":35,"xoffset":2,"yoffset":5,"xadvance":29,"chnl":15,"x":344,"y":709,"page":0},{"id":55308,"index":0,"char":"𓅆","width":26,"height":35,"xoffset":2,"yoffset":5,"xadvance":29,"chnl":15,"x":356,"y":673,"page":0},{"id":55308,"index":0,"char":"𓅇","width":26,"height":35,"xoffset":2,"yoffset":5,"xadvance":29,"chnl":15,"x":276,"y":864,"page":0},{"id":55308,"index":0,"char":"𓅓","width":26,"height":35,"xoffset":2,"yoffset":5,"xadvance":29,"chnl":15,"x":278,"y":900,"page":0},{"id":55308,"index":0,"char":"𓅔","width":26,"height":35,"xoffset":2,"yoffset":5,"xadvance":29,"chnl":15,"x":279,"y":936,"page":0},{"id":8531,"index":0,"char":"⅓","width":26,"height":35,"xoffset":2,"yoffset":5,"xadvance":29,"chnl":15,"x":297,"y":972,"page":0},{"id":8532,"index":0,"char":"⅔","width":26,"height":35,"xoffset":2,"yoffset":5,"xadvance":29,"chnl":15,"x":303,"y":827,"page":0},{"id":8533,"index":0,"char":"⅕","width":26,"height":35,"xoffset":2,"yoffset":5,"xadvance":29,"chnl":15,"x":303,"y":863,"page":0},{"id":8534,"index":0,"char":"⅖","width":26,"height":35,"xoffset":2,"yoffset":5,"xadvance":29,"chnl":15,"x":305,"y":899,"page":0},{"id":8535,"index":0,"char":"⅗","width":26,"height":35,"xoffset":2,"yoffset":5,"xadvance":29,"chnl":15,"x":306,"y":935,"page":0},{"id":8536,"index":0,"char":"⅘","width":26,"height":35,"xoffset":2,"yoffset":5,"xadvance":29,"chnl":15,"x":329,"y":781,"page":0},{"id":8537,"index":0,"char":"⅙","width":26,"height":35,"xoffset":2,"yoffset":5,"xadvance":29,"chnl":15,"x":345,"y":745,"page":0},{"id":8538,"index":0,"char":"⅚","width":26,"height":35,"xoffset":2,"yoffset":5,"xadvance":29,"chnl":15,"x":371,"y":709,"page":0},{"id":8528,"index":0,"char":"⅐","width":26,"height":35,"xoffset":2,"yoffset":5,"xadvance":29,"chnl":15,"x":324,"y":971,"page":0},{"id":8529,"index":0,"char":"⅑","width":26,"height":35,"xoffset":2,"yoffset":5,"xadvance":29,"chnl":15,"x":330,"y":817,"page":0},{"id":8530,"index":0,"char":"⅒","width":26,"height":35,"xoffset":2,"yoffset":5,"xadvance":29,"chnl":15,"x":356,"y":781,"page":0},{"id":9450,"index":0,"char":"⓪","width":26,"height":35,"xoffset":2,"yoffset":5,"xadvance":29,"chnl":15,"x":372,"y":745,"page":0},{"id":116,"index":90,"char":"t","width":18,"height":34,"xoffset":-1,"yoffset":7,"xadvance":16,"chnl":15,"x":330,"y":853,"page":0},{"id":8712,"index":602,"char":"∈","width":34,"height":31,"xoffset":4,"yoffset":9,"xadvance":42,"chnl":15,"x":332,"y":888,"page":0},{"id":59,"index":33,"char":";","width":11,"height":33,"xoffset":-1,"yoffset":13,"xadvance":10,"chnl":15,"x":349,"y":853,"page":0},{"id":35,"index":9,"char":"#","width":29,"height":33,"xoffset":-1,"yoffset":4,"xadvance":27,"chnl":15,"x":357,"y":817,"page":0},{"id":1096,"index":491,"char":"ш","width":33,"height":27,"xoffset":2,"yoffset":13,"xadvance":37,"chnl":15,"x":353,"y":536,"page":0},{"id":1169,"index":514,"char":"ґ","width":17,"height":33,"xoffset":2,"yoffset":7,"xadvance":18,"chnl":15,"x":383,"y":781,"page":0},{"id":8482,"index":563,"char":"™","width":33,"height":19,"xoffset":0,"yoffset":4,"xadvance":35,"chnl":15,"x":119,"y":1003,"page":0},{"id":8746,"index":634,"char":"∪","width":30,"height":33,"xoffset":6,"yoffset":8,"xadvance":42,"chnl":15,"x":361,"y":851,"page":0},{"id":8230,"index":540,"char":"…","width":32,"height":9,"xoffset":1,"yoffset":31,"xadvance":34,"chnl":15,"x":248,"y":274,"page":0},{"id":8804,"index":647,"char":"≤","width":25,"height":31,"xoffset":3,"yoffset":9,"xadvance":31,"chnl":15,"x":249,"y":880,"page":0},{"id":8805,"index":648,"char":"≥","width":25,"height":31,"xoffset":3,"yoffset":9,"xadvance":31,"chnl":15,"x":387,"y":815,"page":0},{"id":177,"index":114,"char":"±","width":25,"height":31,"xoffset":3,"yoffset":9,"xadvance":31,"chnl":15,"x":275,"y":284,"page":0},{"id":960,"index":362,"char":"π","width":31,"height":27,"xoffset":-2,"yoffset":13,"xadvance":29,"chnl":15,"x":296,"y":316,"page":0},{"id":1099,"index":494,"char":"ы","width":30,"height":27,"xoffset":2,"yoffset":13,"xadvance":33,"chnl":15,"x":275,"y":226,"page":0},{"id":8225,"index":536,"char":"‡","width":18,"height":30,"xoffset":-1,"yoffset":4,"xadvance":17,"chnl":15,"x":221,"y":845,"page":0},{"id":8224,"index":535,"char":"†","width":18,"height":30,"xoffset":-1,"yoffset":4,"xadvance":17,"chnl":15,"x":321,"y":344,"page":0},{"id":8800,"index":645,"char":"≠","width":25,"height":30,"xoffset":3,"yoffset":10,"xadvance":31,"chnl":15,"x":333,"y":920,"page":0},{"id":1084,"index":479,"char":"м","width":29,"height":27,"xoffset":2,"yoffset":13,"xadvance":32,"chnl":15,"x":281,"y":254,"page":0},{"id":1098,"index":493,"char":"ъ","width":29,"height":27,"xoffset":-1,"yoffset":13,"xadvance":27,"chnl":15,"x":301,"y":282,"page":0},{"id":8756,"index":637,"char":"∴","width":29,"height":26,"xoffset":0,"yoffset":12,"xadvance":29,"chnl":15,"x":328,"y":310,"page":0},{"id":8757,"index":638,"char":"∵","width":29,"height":26,"xoffset":0,"yoffset":12,"xadvance":29,"chnl":15,"x":328,"y":375,"page":0},{"id":945,"index":347,"char":"α","width":29,"height":28,"xoffset":0,"yoffset":13,"xadvance":28,"chnl":15,"x":340,"y":337,"page":0},{"id":97,"index":71,"char":"a","width":22,"height":28,"xoffset":0,"yoffset":13,"xadvance":23,"chnl":15,"x":78,"y":789,"page":0},{"id":99,"index":73,"char":"c","width":21,"height":28,"xoffset":0,"yoffset":13,"xadvance":21,"chnl":15,"x":269,"y":356,"page":0},{"id":101,"index":75,"char":"e","width":24,"height":28,"xoffset":0,"yoffset":13,"xadvance":24,"chnl":15,"x":339,"y":402,"page":0},{"id":111,"index":85,"char":"o","width":27,"height":28,"xoffset":0,"yoffset":13,"xadvance":27,"chnl":15,"x":339,"y":431,"page":0},{"id":115,"index":89,"char":"s","width":19,"height":28,"xoffset":0,"yoffset":13,"xadvance":19,"chnl":15,"x":192,"y":284,"page":0},{"id":58,"index":32,"char":":","width":9,"height":28,"xoffset":0,"yoffset":13,"xadvance":10,"chnl":15,"x":249,"y":320,"page":0},{"id":1072,"index":467,"char":"а","width":22,"height":28,"xoffset":0,"yoffset":13,"xadvance":23,"chnl":15,"x":329,"y":500,"page":0},{"id":1077,"index":472,"char":"е","width":24,"height":28,"xoffset":0,"yoffset":13,"xadvance":24,"chnl":15,"x":358,"y":366,"page":0},{"id":1079,"index":474,"char":"з","width":21,"height":28,"xoffset":0,"yoffset":13,"xadvance":20,"chnl":15,"x":364,"y":395,"page":0},{"id":1086,"index":481,"char":"о","width":27,"height":28,"xoffset":0,"yoffset":13,"xadvance":27,"chnl":15,"x":356,"y":460,"page":0},{"id":1089,"index":484,"char":"с","width":21,"height":28,"xoffset":0,"yoffset":13,"xadvance":21,"chnl":15,"x":367,"y":424,"page":0},{"id":1101,"index":496,"char":"э","width":21,"height":28,"xoffset":0,"yoffset":13,"xadvance":21,"chnl":15,"x":380,"y":489,"page":0},{"id":1108,"index":502,"char":"є","width":21,"height":28,"xoffset":0,"yoffset":13,"xadvance":21,"chnl":15,"x":384,"y":453,"page":0},{"id":949,"index":351,"char":"ε","width":21,"height":28,"xoffset":0,"yoffset":13,"xadvance":20,"chnl":15,"x":357,"y":564,"page":0},{"id":959,"index":361,"char":"ο","width":27,"height":28,"xoffset":0,"yoffset":13,"xadvance":27,"chnl":15,"x":357,"y":593,"page":0},{"id":963,"index":365,"char":"σ","width":28,"height":27,"xoffset":0,"yoffset":13,"xadvance":26,"chnl":15,"x":379,"y":564,"page":0},{"id":110,"index":84,"char":"n","width":23,"height":27,"xoffset":2,"yoffset":13,"xadvance":26,"chnl":15,"x":387,"y":518,"page":0},{"id":114,"index":88,"char":"r","width":16,"height":27,"xoffset":2,"yoffset":13,"xadvance":16,"chnl":15,"x":312,"y":464,"page":0},{"id":117,"index":91,"char":"u","width":23,"height":27,"xoffset":1,"yoffset":13,"xadvance":26,"chnl":15,"x":402,"y":482,"page":0},{"id":118,"index":92,"char":"v","width":26,"height":27,"xoffset":-2,"yoffset":13,"xadvance":22,"chnl":15,"x":366,"y":622,"page":0},{"id":120,"index":94,"char":"x","width":24,"height":27,"xoffset":-1,"yoffset":13,"xadvance":21,"chnl":15,"x":385,"y":592,"page":0},{"id":122,"index":96,"char":"z","width":23,"height":27,"xoffset":-1,"yoffset":13,"xadvance":21,"chnl":15,"x":408,"y":546,"page":0},{"id":8211,"index":524,"char":"–","width":27,"height":7,"xoffset":-2,"yoffset":22,"xadvance":23,"chnl":15,"x":183,"y":165,"page":0},{"id":1074,"index":469,"char":"в","width":22,"height":27,"xoffset":2,"yoffset":13,"xadvance":24,"chnl":15,"x":411,"y":510,"page":0},{"id":1075,"index":470,"char":"г","width":17,"height":27,"xoffset":2,"yoffset":13,"xadvance":18,"chnl":15,"x":383,"y":650,"page":0},{"id":1080,"index":475,"char":"и","width":23,"height":27,"xoffset":2,"yoffset":13,"xadvance":27,"chnl":15,"x":393,"y":620,"page":0},{"id":1082,"index":477,"char":"к","width":23,"height":27,"xoffset":2,"yoffset":13,"xadvance":23,"chnl":15,"x":383,"y":678,"page":0},{"id":1083,"index":478,"char":"л","width":24,"height":27,"xoffset":-2,"yoffset":13,"xadvance":24,"chnl":15,"x":401,"y":648,"page":0},{"id":1085,"index":480,"char":"н","width":23,"height":27,"xoffset":2,"yoffset":13,"xadvance":26,"chnl":15,"x":398,"y":706,"page":0},{"id":1087,"index":482,"char":"п","width":23,"height":27,"xoffset":2,"yoffset":13,"xadvance":26,"chnl":15,"x":407,"y":676,"page":0},{"id":1090,"index":485,"char":"т","width":21,"height":27,"xoffset":-1,"yoffset":13,"xadvance":19,"chnl":15,"x":410,"y":574,"page":0},{"id":1093,"index":488,"char":"х","width":24,"height":27,"xoffset":-1,"yoffset":13,"xadvance":21,"chnl":15,"x":417,"y":602,"page":0},{"id":1095,"index":490,"char":"ч","width":23,"height":27,"xoffset":1,"yoffset":13,"xadvance":26,"chnl":15,"x":426,"y":630,"page":0},{"id":1100,"index":495,"char":"ь","width":22,"height":27,"xoffset":2,"yoffset":13,"xadvance":23,"chnl":15,"x":399,"y":734,"page":0},{"id":1103,"index":498,"char":"я","width":22,"height":27,"xoffset":-1,"yoffset":13,"xadvance":23,"chnl":15,"x":401,"y":762,"page":0},{"id":953,"index":355,"char":"ι","width":12,"height":27,"xoffset":2,"yoffset":13,"xadvance":12,"chnl":15,"x":194,"y":737,"page":0},{"id":954,"index":356,"char":"κ","width":24,"height":27,"xoffset":2,"yoffset":13,"xadvance":24,"chnl":15,"x":422,"y":704,"page":0},{"id":957,"index":359,"char":"ν","width":25,"height":27,"xoffset":-2,"yoffset":13,"xadvance":24,"chnl":15,"x":422,"y":732,"page":0},{"id":964,"index":366,"char":"τ","width":25,"height":27,"xoffset":-1,"yoffset":13,"xadvance":22,"chnl":15,"x":431,"y":658,"page":0},{"id":965,"index":367,"char":"υ","width":27,"height":27,"xoffset":-2,"yoffset":13,"xadvance":25,"chnl":15,"x":447,"y":686,"page":0},{"id":60,"index":34,"char":"<","width":23,"height":26,"xoffset":4,"yoffset":12,"xadvance":31,"chnl":15,"x":200,"y":998,"page":0},{"id":62,"index":36,"char":">","width":23,"height":26,"xoffset":4,"yoffset":12,"xadvance":31,"chnl":15,"x":432,"y":538,"page":0},{"id":126,"index":100,"char":"~","width":26,"height":11,"xoffset":3,"yoffset":19,"xadvance":31,"chnl":15,"x":92,"y":225,"page":0},{"id":247,"index":184,"char":"÷","width":25,"height":26,"xoffset":3,"yoffset":12,"xadvance":31,"chnl":15,"x":432,"y":565,"page":0},{"id":8776,"index":642,"char":"≈","width":26,"height":20,"xoffset":3,"yoffset":15,"xadvance":31,"chnl":15,"x":153,"y":1002,"page":0},{"id":94,"index":68,"char":"^","width":25,"height":23,"xoffset":3,"yoffset":4,"xadvance":31,"chnl":15,"x":401,"y":790,"page":0},{"id":172,"index":109,"char":"¬","width":25,"height":17,"xoffset":3,"yoffset":18,"xadvance":31,"chnl":15,"x":324,"y":1007,"page":0},{"id":43,"index":17,"char":"+","width":25,"height":25,"xoffset":3,"yoffset":12,"xadvance":31,"chnl":15,"x":424,"y":760,"page":0},{"id":8722,"index":605,"char":"−","width":25,"height":7,"xoffset":3,"yoffset":21,"xadvance":31,"chnl":15,"x":42,"y":50,"page":0},{"id":61,"index":35,"char":"=","width":25,"height":17,"xoffset":3,"yoffset":17,"xadvance":31,"chnl":15,"x":447,"y":714,"page":0},{"id":8743,"index":631,"char":"∧","width":25,"height":23,"xoffset":3,"yoffset":13,"xadvance":31,"chnl":15,"x":448,"y":732,"page":0},{"id":8744,"index":632,"char":"∨","width":25,"height":23,"xoffset":3,"yoffset":13,"xadvance":31,"chnl":15,"x":442,"y":592,"page":0},{"id":171,"index":108,"char":"«","width":24,"height":19,"xoffset":0,"yoffset":17,"xadvance":23,"chnl":15,"x":333,"y":951,"page":0},{"id":187,"index":124,"char":"»","width":24,"height":19,"xoffset":0,"yoffset":17,"xadvance":23,"chnl":15,"x":450,"y":616,"page":0},{"id":95,"index":69,"char":"_","width":23,"height":7,"xoffset":-2,"yoffset":40,"xadvance":19,"chnl":15,"x":216,"y":202,"page":0},{"id":215,"index":152,"char":"×","width":23,"height":23,"xoffset":4,"yoffset":13,"xadvance":31,"chnl":15,"x":457,"y":636,"page":0},{"id":42,"index":16,"char":"*","width":20,"height":20,"xoffset":0,"yoffset":4,"xadvance":19,"chnl":15,"x":140,"y":556,"page":0},{"id":8222,"index":534,"char":"„","width":17,"height":14,"xoffset":0,"yoffset":31,"xadvance":21,"chnl":15,"x":279,"y":972,"page":0},{"id":8220,"index":532,"char":"“","width":17,"height":14,"xoffset":25,"yoffset":4,"xadvance":42,"chnl":15,"x":124,"y":265,"page":0},{"id":45,"index":19,"char":"-","width":16,"height":7,"xoffset":1,"yoffset":22,"xadvance":18,"chnl":15,"x":63,"y":855,"page":0},{"id":176,"index":113,"char":"°","width":16,"height":16,"xoffset":0,"yoffset":4,"xadvance":17,"chnl":15,"x":123,"y":523,"page":0},{"id":8243,"index":544,"char":"″","width":16,"height":14,"xoffset":1,"yoffset":4,"xadvance":18,"chnl":15,"x":177,"y":504,"page":0},{"id":8226,"index":537,"char":"•","width":16,"height":16,"xoffset":1,"yoffset":17,"xadvance":18,"chnl":15,"x":177,"y":701,"page":0},{"id":44,"index":18,"char":",","width":10,"height":15,"xoffset":-1,"yoffset":31,"xadvance":10,"chnl":15,"x":210,"y":809,"page":0},{"id":34,"index":8,"char":"\"","width":14,"height":14,"xoffset":2,"yoffset":4,"xadvance":18,"chnl":15,"x":108,"y":485,"page":0},{"id":8216,"index":528,"char":"‘","width":10,"height":14,"xoffset":32,"yoffset":4,"xadvance":42,"chnl":15,"x":149,"y":393,"page":0},{"id":8217,"index":529,"char":"’","width":10,"height":14,"xoffset":0,"yoffset":4,"xadvance":42,"chnl":15,"x":165,"y":467,"page":0},{"id":39,"index":13,"char":"'","width":8,"height":14,"xoffset":1,"yoffset":4,"xadvance":11,"chnl":15,"x":168,"y":665,"page":0},{"id":8242,"index":543,"char":"′","width":9,"height":14,"xoffset":1,"yoffset":4,"xadvance":11,"chnl":15,"x":259,"y":320,"page":0},{"id":96,"index":70,"char":"`","width":13,"height":11,"xoffset":0,"yoffset":2,"xadvance":12,"chnl":15,"x":163,"y":76,"page":0},{"id":46,"index":20,"char":".","width":9,"height":9,"xoffset":0,"yoffset":31,"xadvance":10,"chnl":15,"x":38,"y":780,"page":0},{"id":183,"index":120,"char":"·","width":9,"height":9,"xoffset":0,"yoffset":20,"xadvance":10,"chnl":15,"x":49,"y":818,"page":0},{"id":8729,"index":120,"char":"∙","width":9,"height":9,"xoffset":0,"yoffset":20,"xadvance":10,"chnl":15,"x":153,"y":802,"page":0},{"id":32,"index":3,"char":" ","width":0,"height":0,"xoffset":-2,"yoffset":36,"xadvance":12,"chnl":15,"x":97,"y":136,"page":0}],"info":{"face":"MyCustomFont","size":42,"bold":0,"italic":0,"charset":["A","a","B","b","C","c","D","d","E","e","F","f","G","g","H","h","I","i","J","j","K","k","L","l","M","m","N","n","O","o","P","p","Q","q","R","r","S","s","T","t","U","u","V","v","W","w","X","x","Y","y","Z","z","Ä","ä","Ö","ö","Ü","ü","ß"," ","0","1","2","3","4","5","6","7","8","9",".",",",":",";","!","?","…","-","–","—","(",")","[","]","{","}","<",">","\"","‘","’","«","»","„","“","@","#","$","%","^","&","*","_","~","`","|","\\","/","'","А","а","Б","б","В","в","Г","г","Д","д","Е","е","Ё","ё","Ж","ж","З","з","И","и","Й","й","К","к","Л","л","М","м","Н","н","О","о","П","п","Р","р","С","с","Т","т","У","у","Ф","ф","Х","х","Ц","ц","Ч","ч","Ш","ш","Щ","щ","Ъ","ъ","Ы","ы","Ь","ь","Э","э","Ю","ю","Я","я","Ґ","ґ","Є","є","І","і","Ї","ї","§","©","®","™","°","′","″","‡","†","¶","•","·","¬","+","−","×","÷","=","≠","≈","≤","≥","±","∞","√","∑","∫","∂","∆","∇","π","φ","µ","∈","∉","∪","∩","∅","∧","∨","⊂","⊃","⊆","⊇","∀","∃","∴","∵","∓","∙","⋅","∘","→","←","⇒","⇔","↔","Α","Β","Γ","Δ","Ε","Ζ","Η","Θ","Ι","Κ","Λ","Μ","Ν","Ξ","Ο","Π","Ρ","Σ","Τ","Υ","Φ","Χ","Ψ","Ω","α","β","γ","δ","ε","ζ","η","θ","ι","κ","λ","μ","ν","ξ","ο","ρ","σ","τ","υ","χ","ψ","ω","∏","♡","♥","️","💜","☺","☻","✰","❀","☑","☯","☘","⫷","⫸","༄","༅","☕","☀","☼","𝄞","㋡","⚀","⚁","⚂","⚃","⚄","⚅","𒆜","➮","➯","➱","➢","➣","➤","➥","➦","➳","➺","↑","↓","↢","↤","↥","↦","↧","↣","↜","↝","↯","⇖","⇗","⇘","⇙","⇦","⇧","⇨","⇩","⥢","⥣","⥤","⥥","𓅆","𓅇","𓅓","𓅔","½","⅓","⅔","¼","¾","⅕","⅖","⅗","⅘","⅙","⅚","⅐","⅛","⅜","⅝","⅞","⅑","⅒","⓪","①","②","③","④","⑤","⑥","⑦","⑧","⑨"],"unicode":1,"stretchH":100,"smooth":1,"aa":1,"padding":[2,2,2,2],"spacing":[0,0]},"common":{"lineHeight":45,"base":36,"scaleW":1024,"scaleH":1024,"pages":1,"packed":0,"alphaChnl":0,"redChnl":0,"greenChnl":0,"blueChnl":0},"distanceField":{"fieldType":"msdf","distanceRange":4},"kernings":[{"first":65,"second":67,"amount":-1},{"first":65,"second":71,"amount":-1},{"first":65,"second":74,"amount":2},{"first":65,"second":79,"amount":-1},{"first":65,"second":84,"amount":-3},{"first":65,"second":116,"amount":-1},{"first":65,"second":85,"amount":-1},{"first":65,"second":86,"amount":-3},{"first":65,"second":118,"amount":-1},{"first":65,"second":87,"amount":-2},{"first":65,"second":119,"amount":-1},{"first":65,"second":89,"amount":-3},{"first":65,"second":121,"amount":-1},{"first":65,"second":90,"amount":1},{"first":65,"second":44,"amount":1},{"first":65,"second":59,"amount":1},{"first":65,"second":8216,"amount":-3},{"first":65,"second":8217,"amount":-4},{"first":65,"second":8220,"amount":-3},{"first":65,"second":42,"amount":-3},{"first":66,"second":84,"amount":-2},{"first":66,"second":89,"amount":-1},{"first":98,"second":97,"amount":-1},{"first":98,"second":102,"amount":0},{"first":98,"second":120,"amount":-1},{"first":67,"second":67,"amount":-1},{"first":67,"second":71,"amount":-1},{"first":67,"second":79,"amount":-1},{"first":67,"second":81,"amount":-1},{"first":67,"second":63,"amount":0},{"first":99,"second":74,"amount":2},{"first":99,"second":84,"amount":-2},{"first":99,"second":89,"amount":-2},{"first":68,"second":65,"amount":-1},{"first":68,"second":84,"amount":-2},{"first":68,"second":88,"amount":-1},{"first":68,"second":90,"amount":-1},{"first":68,"second":46,"amount":-3},{"first":68,"second":44,"amount":-3},{"first":68,"second":8230,"amount":-3},{"first":69,"second":65,"amount":0},{"first":69,"second":74,"amount":1},{"first":69,"second":84,"amount":0},{"first":69,"second":87,"amount":1},{"first":69,"second":88,"amount":0},{"first":101,"second":34,"amount":-2},{"first":101,"second":39,"amount":-2},{"first":70,"second":65,"amount":-3},{"first":70,"second":97,"amount":-2},{"first":70,"second":102,"amount":0},{"first":70,"second":74,"amount":-1},{"first":70,"second":83,"amount":-1},{"first":70,"second":84,"amount":0},{"first":70,"second":46,"amount":-3},{"first":70,"second":44,"amount":-3},{"first":70,"second":8230,"amount":-3},{"first":102,"second":98,"amount":0},{"first":102,"second":104,"amount":0},{"first":102,"second":116,"amount":1},{"first":102,"second":118,"amount":1},{"first":102,"second":119,"amount":1},{"first":102,"second":120,"amount":0},{"first":102,"second":121,"amount":1},{"first":102,"second":46,"amount":-3},{"first":102,"second":44,"amount":-3},{"first":102,"second":58,"amount":2},{"first":102,"second":59,"amount":2},{"first":102,"second":63,"amount":1},{"first":102,"second":8230,"amount":-3},{"first":102,"second":45,"amount":-2},{"first":102,"second":41,"amount":3},{"first":102,"second":93,"amount":3},{"first":102,"second":125,"amount":2},{"first":102,"second":8216,"amount":2},{"first":102,"second":8217,"amount":2},{"first":102,"second":8220,"amount":2},{"first":71,"second":84,"amount":-1},{"first":71,"second":86,"amount":-1},{"first":71,"second":121,"amount":-1},{"first":103,"second":106,"amount":1},{"first":74,"second":65,"amount":-1},{"first":74,"second":97,"amount":-1},{"first":74,"second":74,"amount":-1},{"first":74,"second":46,"amount":-2},{"first":74,"second":44,"amount":-2},{"first":74,"second":8230,"amount":-2},{"first":106,"second":106,"amount":1},{"first":75,"second":67,"amount":-2},{"first":75,"second":99,"amount":-1},{"first":75,"second":100,"amount":-1},{"first":75,"second":101,"amount":-1},{"first":75,"second":71,"amount":-2},{"first":75,"second":103,"amount":-1},{"first":75,"second":74,"amount":2},{"first":75,"second":79,"amount":-2},{"first":75,"second":111,"amount":-1},{"first":75,"second":81,"amount":-2},{"first":75,"second":113,"amount":-1},{"first":75,"second":116,"amount":-1},{"first":75,"second":118,"amount":-2},{"first":75,"second":119,"amount":-1},{"first":75,"second":88,"amount":1},{"first":75,"second":121,"amount":-2},{"first":75,"second":90,"amount":1},{"first":75,"second":44,"amount":1},{"first":75,"second":59,"amount":1},{"first":107,"second":99,"amount":-1},{"first":107,"second":100,"amount":-1},{"first":107,"second":101,"amount":-1},{"first":107,"second":103,"amount":-1},{"first":107,"second":111,"amount":-1},{"first":107,"second":113,"amount":-1},{"first":107,"second":116,"amount":0},{"first":107,"second":46,"amount":2},{"first":107,"second":44,"amount":2},{"first":107,"second":58,"amount":2},{"first":107,"second":59,"amount":2},{"first":107,"second":8230,"amount":2},{"first":107,"second":45,"amount":-3},{"first":76,"second":65,"amount":1},{"first":76,"second":67,"amount":-1},{"first":76,"second":71,"amount":-1},{"first":76,"second":74,"amount":2},{"first":76,"second":79,"amount":-2},{"first":76,"second":81,"amount":-2},{"first":76,"second":84,"amount":-3},{"first":76,"second":116,"amount":-1},{"first":76,"second":85,"amount":-1},{"first":76,"second":86,"amount":-3},{"first":76,"second":118,"amount":-2},{"first":76,"second":87,"amount":-1},{"first":76,"second":119,"amount":-1},{"first":76,"second":89,"amount":-3},{"first":76,"second":121,"amount":-2},{"first":76,"second":90,"amount":1},{"first":76,"second":63,"amount":-2},{"first":76,"second":8216,"amount":-3},{"first":76,"second":8217,"amount":-3},{"first":76,"second":8220,"amount":-3},{"first":76,"second":42,"amount":-5},{"first":110,"second":34,"amount":-2},{"first":110,"second":39,"amount":-2},{"first":79,"second":65,"amount":-1},{"first":79,"second":74,"amount":0},{"first":79,"second":84,"amount":-2},{"first":79,"second":88,"amount":-1},{"first":79,"second":89,"amount":-1},{"first":79,"second":90,"amount":-1},{"first":79,"second":46,"amount":-2},{"first":79,"second":44,"amount":-2},{"first":79,"second":8230,"amount":-2},{"first":111,"second":97,"amount":-1},{"first":111,"second":102,"amount":-1},{"first":111,"second":120,"amount":-1},{"first":111,"second":34,"amount":-3},{"first":111,"second":8216,"amount":-1},{"first":111,"second":8217,"amount":-3},{"first":111,"second":8220,"amount":-2},{"first":111,"second":39,"amount":-3},{"first":80,"second":65,"amount":-4},{"first":80,"second":97,"amount":-1},{"first":80,"second":99,"amount":-2},{"first":80,"second":100,"amount":-2},{"first":80,"second":101,"amount":-2},{"first":80,"second":71,"amount":0},{"first":80,"second":103,"amount":-2},{"first":80,"second":74,"amount":-3},{"first":80,"second":111,"amount":-2},{"first":80,"second":113,"amount":-2},{"first":80,"second":87,"amount":1},{"first":80,"second":88,"amount":-1},{"first":80,"second":46,"amount":-7},{"first":80,"second":44,"amount":-7},{"first":80,"second":8230,"amount":-7},{"first":112,"second":97,"amount":-1},{"first":112,"second":102,"amount":-1},{"first":112,"second":120,"amount":-1},{"first":112,"second":8216,"amount":-3},{"first":112,"second":8217,"amount":-3},{"first":112,"second":8220,"amount":-1},{"first":81,"second":65,"amount":-1},{"first":81,"second":84,"amount":-2},{"first":81,"second":88,"amount":-1},{"first":81,"second":89,"amount":0},{"first":81,"second":90,"amount":-1},{"first":81,"second":46,"amount":-3},{"first":81,"second":44,"amount":-2},{"first":81,"second":8230,"amount":-3},{"first":113,"second":106,"amount":2},{"first":82,"second":67,"amount":-1},{"first":82,"second":99,"amount":-1},{"first":82,"second":100,"amount":-1},{"first":82,"second":101,"amount":-1},{"first":82,"second":71,"amount":-1},{"first":82,"second":103,"amount":-1},{"first":82,"second":74,"amount":1},{"first":82,"second":79,"amount":0},{"first":82,"second":111,"amount":-1},{"first":82,"second":81,"amount":0},{"first":82,"second":113,"amount":-1},{"first":82,"second":84,"amount":-1},{"first":82,"second":89,"amount":-1},{"first":82,"second":59,"amount":2},{"first":114,"second":99,"amount":-1},{"first":114,"second":100,"amount":-1},{"first":114,"second":101,"amount":-1},{"first":114,"second":102,"amount":1},{"first":114,"second":103,"amount":-1},{"first":114,"second":109,"amount":0},{"first":114,"second":110,"amount":0},{"first":114,"second":111,"amount":-1},{"first":114,"second":113,"amount":-1},{"first":114,"second":115,"amount":0},{"first":114,"second":116,"amount":1},{"first":114,"second":118,"amount":2},{"first":114,"second":119,"amount":2},{"first":114,"second":120,"amount":1},{"first":114,"second":121,"amount":2},{"first":114,"second":122,"amount":1},{"first":114,"second":46,"amount":-4},{"first":114,"second":44,"amount":-4},{"first":114,"second":58,"amount":2},{"first":114,"second":59,"amount":2},{"first":114,"second":8230,"amount":-4},{"first":114,"second":45,"amount":-3},{"first":114,"second":8216,"amount":4},{"first":114,"second":8217,"amount":3},{"first":114,"second":8220,"amount":4},{"first":83,"second":116,"amount":-1},{"first":83,"second":118,"amount":-1},{"first":83,"second":119,"amount":-1},{"first":83,"second":121,"amount":-1},{"first":84,"second":65,"amount":-3},{"first":84,"second":97,"amount":-5},{"first":84,"second":67,"amount":-2},{"first":84,"second":99,"amount":-5},{"first":84,"second":100,"amount":-5},{"first":84,"second":101,"amount":-5},{"first":84,"second":102,"amount":-2},{"first":84,"second":71,"amount":-2},{"first":84,"second":103,"amount":-5},{"first":84,"second":74,"amount":-3},{"first":84,"second":109,"amount":-4},{"first":84,"second":110,"amount":-4},{"first":84,"second":79,"amount":-2},{"first":84,"second":111,"amount":-5},{"first":84,"second":112,"amount":-4},{"first":84,"second":81,"amount":-2},{"first":84,"second":113,"amount":-5},{"first":84,"second":114,"amount":-4},{"first":84,"second":115,"amount":-3},{"first":84,"second":84,"amount":1},{"first":84,"second":117,"amount":-4},{"first":84,"second":86,"amount":1},{"first":84,"second":118,"amount":-2},{"first":84,"second":87,"amount":1},{"first":84,"second":119,"amount":-3},{"first":84,"second":88,"amount":0},{"first":84,"second":120,"amount":-4},{"first":84,"second":89,"amount":1},{"first":84,"second":121,"amount":-3},{"first":84,"second":122,"amount":-3},{"first":84,"second":252,"amount":-4},{"first":84,"second":46,"amount":-4},{"first":84,"second":44,"amount":-3},{"first":84,"second":58,"amount":-1},{"first":84,"second":59,"amount":-1},{"first":84,"second":8230,"amount":-4},{"first":84,"second":8217,"amount":1},{"first":116,"second":99,"amount":-1},{"first":116,"second":100,"amount":-1},{"first":116,"second":101,"amount":0},{"first":116,"second":103,"amount":0},{"first":116,"second":111,"amount":0},{"first":116,"second":113,"amount":0},{"first":116,"second":120,"amount":1},{"first":116,"second":63,"amount":-1},{"first":116,"second":45,"amount":-3},{"first":85,"second":65,"amount":-1},{"first":117,"second":34,"amount":-1},{"first":117,"second":39,"amount":-1},{"first":86,"second":65,"amount":-3},{"first":86,"second":97,"amount":-3},{"first":86,"second":67,"amount":-1},{"first":86,"second":99,"amount":-3},{"first":86,"second":100,"amount":-3},{"first":86,"second":101,"amount":-3},{"first":86,"second":71,"amount":-1},{"first":86,"second":103,"amount":-3},{"first":86,"second":74,"amount":-2},{"first":86,"second":109,"amount":-2},{"first":86,"second":110,"amount":-2},{"first":86,"second":79,"amount":0},{"first":86,"second":111,"amount":-3},{"first":86,"second":112,"amount":-2},{"first":86,"second":81,"amount":-1},{"first":86,"second":113,"amount":-3},{"first":86,"second":114,"amount":-2},{"first":86,"second":83,"amount":-1},{"first":86,"second":115,"amount":-1},{"first":86,"second":84,"amount":1},{"first":86,"second":117,"amount":-2},{"first":86,"second":252,"amount":-2},{"first":86,"second":46,"amount":-5},{"first":86,"second":44,"amount":-5},{"first":86,"second":8230,"amount":-5},{"first":118,"second":97,"amount":-1},{"first":118,"second":99,"amount":0},{"first":118,"second":100,"amount":0},{"first":118,"second":101,"amount":0},{"first":118,"second":103,"amount":0},{"first":118,"second":111,"amount":0},{"first":118,"second":113,"amount":0},{"first":118,"second":46,"amount":-3},{"first":118,"second":44,"amount":-3},{"first":118,"second":8230,"amount":-3},{"first":87,"second":65,"amount":-2},{"first":87,"second":97,"amount":-2},{"first":87,"second":99,"amount":-1},{"first":87,"second":100,"amount":-1},{"first":87,"second":101,"amount":-1},{"first":87,"second":103,"amount":-1},{"first":87,"second":111,"amount":-1},{"first":87,"second":113,"amount":-1},{"first":87,"second":84,"amount":1},{"first":87,"second":46,"amount":-3},{"first":87,"second":44,"amount":-3},{"first":87,"second":8230,"amount":-3},{"first":119,"second":99,"amount":0},{"first":119,"second":100,"amount":0},{"first":119,"second":101,"amount":0},{"first":119,"second":103,"amount":0},{"first":119,"second":111,"amount":0},{"first":119,"second":113,"amount":0},{"first":119,"second":46,"amount":-2},{"first":119,"second":44,"amount":-2},{"first":119,"second":8230,"amount":-2},{"first":88,"second":67,"amount":-1},{"first":88,"second":71,"amount":-1},{"first":88,"second":74,"amount":2},{"first":88,"second":79,"amount":-1},{"first":88,"second":81,"amount":-1},{"first":88,"second":84,"amount":1},{"first":88,"second":46,"amount":1},{"first":88,"second":44,"amount":1},{"first":88,"second":59,"amount":2},{"first":88,"second":8230,"amount":1},{"first":120,"second":99,"amount":0},{"first":120,"second":100,"amount":0},{"first":120,"second":101,"amount":0},{"first":120,"second":103,"amount":0},{"first":120,"second":111,"amount":0},{"first":120,"second":113,"amount":0},{"first":89,"second":65,"amount":-4},{"first":89,"second":97,"amount":-4},{"first":89,"second":67,"amount":-1},{"first":89,"second":99,"amount":-4},{"first":89,"second":100,"amount":-4},{"first":89,"second":101,"amount":-4},{"first":89,"second":102,"amount":-1},{"first":89,"second":71,"amount":-1},{"first":89,"second":103,"amount":-4},{"first":89,"second":74,"amount":-1},{"first":89,"second":109,"amount":-3},{"first":89,"second":110,"amount":-3},{"first":89,"second":79,"amount":-1},{"first":89,"second":111,"amount":-4},{"first":89,"second":112,"amount":-3},{"first":89,"second":81,"amount":-1},{"first":89,"second":113,"amount":-4},{"first":89,"second":114,"amount":-3},{"first":89,"second":83,"amount":-1},{"first":89,"second":115,"amount":-3},{"first":89,"second":84,"amount":1},{"first":89,"second":117,"amount":-3},{"first":89,"second":252,"amount":-3},{"first":89,"second":46,"amount":-4},{"first":89,"second":44,"amount":-4},{"first":89,"second":8230,"amount":-4},{"first":121,"second":99,"amount":0},{"first":121,"second":100,"amount":0},{"first":121,"second":101,"amount":0},{"first":121,"second":102,"amount":0},{"first":121,"second":103,"amount":0},{"first":121,"second":111,"amount":0},{"first":121,"second":113,"amount":0},{"first":121,"second":116,"amount":0},{"first":121,"second":46,"amount":-3},{"first":121,"second":44,"amount":-2},{"first":121,"second":63,"amount":-2},{"first":121,"second":8230,"amount":-3},{"first":121,"second":34,"amount":1},{"first":121,"second":39,"amount":1},{"first":90,"second":74,"amount":2},{"first":90,"second":84,"amount":1},{"first":90,"second":121,"amount":-1},{"first":46,"second":8216,"amount":-5},{"first":46,"second":8217,"amount":-4},{"first":46,"second":8220,"amount":-5},{"first":44,"second":8216,"amount":-5},{"first":44,"second":8217,"amount":-5},{"first":44,"second":8220,"amount":-5},{"first":8230,"second":8216,"amount":-5},{"first":8230,"second":8217,"amount":-4},{"first":8230,"second":8220,"amount":-5},{"first":40,"second":106,"amount":5},{"first":91,"second":106,"amount":5},{"first":123,"second":106,"amount":4},{"first":34,"second":114,"amount":-1},{"first":34,"second":115,"amount":-1},{"first":8216,"second":65,"amount":-5},{"first":8216,"second":67,"amount":-1},{"first":8216,"second":99,"amount":-3},{"first":8216,"second":100,"amount":-4},{"first":8216,"second":101,"amount":-3},{"first":8216,"second":103,"amount":-3},{"first":8216,"second":74,"amount":-3},{"first":8216,"second":111,"amount":-3},{"first":8216,"second":115,"amount":-2},{"first":8216,"second":84,"amount":2},{"first":8216,"second":8216,"amount":-4},{"first":8217,"second":65,"amount":-4},{"first":8217,"second":97,"amount":-2},{"first":8217,"second":99,"amount":-4},{"first":8217,"second":100,"amount":-4},{"first":8217,"second":101,"amount":-4},{"first":8217,"second":103,"amount":-4},{"first":8217,"second":74,"amount":-4},{"first":8217,"second":111,"amount":-4},{"first":8217,"second":113,"amount":-3},{"first":8217,"second":115,"amount":-3},{"first":8217,"second":84,"amount":2},{"first":8217,"second":46,"amount":-2},{"first":8217,"second":44,"amount":-2},{"first":8217,"second":8230,"amount":-2},{"first":8217,"second":8217,"amount":-4},{"first":8220,"second":65,"amount":-5},{"first":8220,"second":99,"amount":-3},{"first":8220,"second":100,"amount":-3},{"first":8220,"second":101,"amount":-3},{"first":8220,"second":103,"amount":-3},{"first":8220,"second":74,"amount":-4},{"first":8220,"second":115,"amount":-2},{"first":8220,"second":84,"amount":2},{"first":8220,"second":46,"amount":-2},{"first":8220,"second":44,"amount":-2},{"first":8220,"second":8230,"amount":-2},{"first":42,"second":65,"amount":-4},{"first":42,"second":99,"amount":-2},{"first":42,"second":100,"amount":-2},{"first":42,"second":101,"amount":-2},{"first":42,"second":103,"amount":-2},{"first":42,"second":74,"amount":-3},{"first":42,"second":111,"amount":-2},{"first":42,"second":113,"amount":-2},{"first":39,"second":114,"amount":-1},{"first":39,"second":115,"amount":-1}]}