{"pages":["timesnewromanpsmt.png"],"chars":[{"id":8212,"index":178,"char":"—","width":47,"height":6,"xoffset":-2,"yoffset":20,"xadvance":42,"chnl":15,"x":0,"y":0,"page":0},{"id":8747,"index":156,"char":"∫","width":15,"height":47,"xoffset":-2,"yoffset":-7,"xadvance":12,"chnl":15,"x":48,"y":0,"page":0},{"id":1070,"index":600,"char":"Ю","width":45,"height":33,"xoffset":-1,"yoffset":3,"xadvance":43,"chnl":15,"x":0,"y":7,"page":0},{"id":1064,"index":594,"char":"Ш","width":44,"height":32,"xoffset":-1,"yoffset":3,"xadvance":42,"chnl":15,"x":0,"y":41,"page":0},{"id":1065,"index":595,"char":"Щ","width":44,"height":40,"xoffset":-1,"yoffset":3,"xadvance":42,"chnl":15,"x":0,"y":74,"page":0},{"id":8482,"index":140,"char":"™","width":44,"height":21,"xoffset":-1,"yoffset":3,"xadvance":41,"chnl":15,"x":0,"y":115,"page":0},{"id":8730,"index":165,"char":"√","width":25,"height":44,"xoffset":0,"yoffset":-7,"xadvance":23,"chnl":15,"x":0,"y":137,"page":0},{"id":87,"index":58,"char":"W","width":43,"height":32,"xoffset":-1,"yoffset":3,"xadvance":40,"chnl":15,"x":0,"y":182,"page":0},{"id":8594,"index":314,"char":"→","width":43,"height":19,"xoffset":0,"yoffset":13,"xadvance":42,"chnl":15,"x":26,"y":137,"page":0},{"id":8592,"index":312,"char":"←","width":43,"height":19,"xoffset":0,"yoffset":13,"xadvance":42,"chnl":15,"x":26,"y":157,"page":0},{"id":8596,"index":316,"char":"↔","width":43,"height":19,"xoffset":0,"yoffset":13,"xadvance":42,"chnl":15,"x":45,"y":48,"page":0},{"id":106,"index":77,"char":"j","width":15,"height":42,"xoffset":-5,"yoffset":2,"xadvance":12,"chnl":15,"x":64,"y":0,"page":0},{"id":40,"index":11,"char":"(","width":15,"height":42,"xoffset":0,"yoffset":2,"xadvance":14,"chnl":15,"x":80,"y":0,"page":0},{"id":41,"index":12,"char":")","width":15,"height":42,"xoffset":-1,"yoffset":2,"xadvance":14,"chnl":15,"x":45,"y":68,"page":0},{"id":123,"index":94,"char":"{","width":15,"height":42,"xoffset":4,"yoffset":2,"xadvance":20,"chnl":15,"x":61,"y":68,"page":0},{"id":125,"index":96,"char":"}","width":15,"height":42,"xoffset":2,"yoffset":2,"xadvance":20,"chnl":15,"x":0,"y":215,"page":0},{"id":64,"index":35,"char":"@","width":40,"height":42,"xoffset":0,"yoffset":2,"xadvance":39,"chnl":15,"x":0,"y":258,"page":0},{"id":124,"index":95,"char":"|","width":6,"height":42,"xoffset":1,"yoffset":2,"xadvance":8,"chnl":15,"x":16,"y":215,"page":0},{"id":1092,"index":622,"char":"ф","width":28,"height":42,"xoffset":0,"yoffset":2,"xadvance":27,"chnl":15,"x":23,"y":215,"page":0},{"id":8225,"index":193,"char":"‡","width":19,"height":42,"xoffset":1,"yoffset":2,"xadvance":21,"chnl":15,"x":0,"y":301,"page":0},{"id":8721,"index":153,"char":"∑","width":32,"height":42,"xoffset":-1,"yoffset":2,"xadvance":30,"chnl":15,"x":0,"y":344,"page":0},{"id":946,"index":533,"char":"β","width":22,"height":42,"xoffset":0,"yoffset":2,"xadvance":21,"chnl":15,"x":20,"y":301,"page":0},{"id":950,"index":535,"char":"ζ","width":20,"height":42,"xoffset":-1,"yoffset":2,"xadvance":17,"chnl":15,"x":41,"y":258,"page":0},{"id":958,"index":543,"char":"ξ","width":21,"height":42,"xoffset":-1,"yoffset":2,"xadvance":19,"chnl":15,"x":52,"y":177,"page":0},{"id":8719,"index":154,"char":"∏","width":37,"height":42,"xoffset":-1,"yoffset":2,"xadvance":35,"chnl":15,"x":70,"y":111,"page":0},{"id":9788,"index":385,"char":"☼","width":42,"height":42,"xoffset":-2,"yoffset":-2,"xadvance":38,"chnl":15,"x":77,"y":68,"page":0},{"id":81,"index":52,"char":"Q","width":31,"height":41,"xoffset":-1,"yoffset":3,"xadvance":30,"chnl":15,"x":96,"y":0,"page":0},{"id":91,"index":62,"char":"[","width":13,"height":41,"xoffset":1,"yoffset":3,"xadvance":14,"chnl":15,"x":0,"y":387,"page":0},{"id":93,"index":64,"char":"]","width":13,"height":41,"xoffset":0,"yoffset":3,"xadvance":14,"chnl":15,"x":0,"y":429,"page":0},{"id":1046,"index":576,"char":"Ж","width":41,"height":32,"xoffset":-2,"yoffset":3,"xadvance":38,"chnl":15,"x":52,"y":220,"page":0},{"id":1049,"index":579,"char":"Й","width":33,"height":41,"xoffset":-1,"yoffset":-6,"xadvance":30,"chnl":15,"x":74,"y":154,"page":0},{"id":167,"index":134,"char":"§","width":19,"height":41,"xoffset":1,"yoffset":3,"xadvance":21,"chnl":15,"x":0,"y":471,"page":0},{"id":8224,"index":130,"char":"†","width":21,"height":41,"xoffset":0,"yoffset":2,"xadvance":21,"chnl":15,"x":14,"y":387,"page":0},{"id":182,"index":136,"char":"¶","width":23,"height":41,"xoffset":-2,"yoffset":3,"xadvance":19,"chnl":15,"x":14,"y":429,"page":0},{"id":77,"index":48,"char":"M","width":40,"height":32,"xoffset":-1,"yoffset":3,"xadvance":37,"chnl":15,"x":33,"y":344,"page":0},{"id":214,"index":103,"char":"Ö","width":31,"height":40,"xoffset":-1,"yoffset":-4,"xadvance":30,"chnl":15,"x":43,"y":301,"page":0},{"id":220,"index":104,"char":"Ü","width":34,"height":40,"xoffset":-2,"yoffset":-4,"xadvance":30,"chnl":15,"x":62,"y":253,"page":0},{"id":1044,"index":574,"char":"Д","width":31,"height":40,"xoffset":-1,"yoffset":3,"xadvance":29,"chnl":15,"x":36,"y":377,"page":0},{"id":1052,"index":582,"char":"М","width":40,"height":32,"xoffset":-1,"yoffset":3,"xadvance":37,"chnl":15,"x":94,"y":196,"page":0},{"id":1062,"index":592,"char":"Ц","width":33,"height":40,"xoffset":-1,"yoffset":3,"xadvance":30,"chnl":15,"x":108,"y":111,"page":0},{"id":924,"index":514,"char":"Μ","width":40,"height":32,"xoffset":-1,"yoffset":3,"xadvance":37,"chnl":15,"x":108,"y":152,"page":0},{"id":8593,"index":313,"char":"↑","width":19,"height":40,"xoffset":1,"yoffset":4,"xadvance":21,"chnl":15,"x":120,"y":42,"page":0},{"id":8595,"index":315,"char":"↓","width":19,"height":40,"xoffset":1,"yoffset":4,"xadvance":21,"chnl":15,"x":128,"y":0,"page":0},{"id":196,"index":98,"char":"Ä","width":34,"height":39,"xoffset":-2,"yoffset":-4,"xadvance":30,"chnl":15,"x":140,"y":41,"page":0},{"id":1025,"index":556,"char":"Ё","width":28,"height":39,"xoffset":-1,"yoffset":-4,"xadvance":26,"chnl":15,"x":148,"y":0,"page":0},{"id":1067,"index":597,"char":"Ы","width":39,"height":32,"xoffset":-1,"yoffset":3,"xadvance":37,"chnl":15,"x":142,"y":81,"page":0},{"id":1031,"index":562,"char":"Ї","width":16,"height":39,"xoffset":-1,"yoffset":-4,"xadvance":14,"chnl":15,"x":175,"y":40,"page":0},{"id":8230,"index":171,"char":"…","width":37,"height":9,"xoffset":3,"yoffset":27,"xadvance":42,"chnl":15,"x":36,"y":418,"page":0},{"id":36,"index":7,"char":"$","width":21,"height":37,"xoffset":0,"yoffset":1,"xadvance":21,"chnl":15,"x":142,"y":114,"page":0},{"id":1168,"index":648,"char":"Ґ","width":21,"height":37,"xoffset":-1,"yoffset":-2,"xadvance":19,"chnl":15,"x":177,"y":0,"page":0},{"id":8800,"index":143,"char":"≠","width":26,"height":37,"xoffset":-1,"yoffset":3,"xadvance":23,"chnl":15,"x":68,"y":377,"page":0},{"id":109,"index":80,"char":"m","width":36,"height":23,"xoffset":-2,"yoffset":12,"xadvance":33,"chnl":15,"x":94,"y":229,"page":0},{"id":37,"index":8,"char":"%","width":36,"height":34,"xoffset":-1,"yoffset":3,"xadvance":35,"chnl":15,"x":74,"y":342,"page":0},{"id":65,"index":36,"char":"A","width":34,"height":32,"xoffset":-2,"yoffset":3,"xadvance":30,"chnl":15,"x":75,"y":294,"page":0},{"id":98,"index":69,"char":"b","width":24,"height":34,"xoffset":-2,"yoffset":2,"xadvance":21,"chnl":15,"x":97,"y":253,"page":0},{"id":100,"index":71,"char":"d","width":24,"height":34,"xoffset":-1,"yoffset":2,"xadvance":21,"chnl":15,"x":110,"y":288,"page":0},{"id":75,"index":46,"char":"K","width":34,"height":32,"xoffset":-1,"yoffset":3,"xadvance":30,"chnl":15,"x":122,"y":253,"page":0},{"id":78,"index":49,"char":"N","width":34,"height":32,"xoffset":-3,"yoffset":3,"xadvance":30,"chnl":15,"x":135,"y":185,"page":0},{"id":85,"index":56,"char":"U","width":34,"height":32,"xoffset":-2,"yoffset":3,"xadvance":30,"chnl":15,"x":149,"y":152,"page":0},{"id":119,"index":90,"char":"w","width":34,"height":23,"xoffset":-2,"yoffset":12,"xadvance":30,"chnl":15,"x":131,"y":229,"page":0},{"id":88,"index":59,"char":"X","width":34,"height":32,"xoffset":-2,"yoffset":3,"xadvance":30,"chnl":15,"x":164,"y":114,"page":0},{"id":38,"index":9,"char":"&","width":34,"height":33,"xoffset":0,"yoffset":3,"xadvance":33,"chnl":15,"x":182,"y":80,"page":0},{"id":92,"index":63,"char":"\\","width":16,"height":34,"xoffset":-2,"yoffset":2,"xadvance":12,"chnl":15,"x":192,"y":38,"page":0},{"id":47,"index":18,"char":"/","width":16,"height":34,"xoffset":-2,"yoffset":2,"xadvance":12,"chnl":15,"x":199,"y":0,"page":0},{"id":1040,"index":570,"char":"А","width":34,"height":32,"xoffset":-2,"yoffset":3,"xadvance":30,"chnl":15,"x":209,"y":35,"page":0},{"id":1073,"index":603,"char":"б","width":23,"height":34,"xoffset":0,"yoffset":2,"xadvance":21,"chnl":15,"x":216,"y":0,"page":0},{"id":1060,"index":590,"char":"Ф","width":34,"height":32,"xoffset":0,"yoffset":3,"xadvance":33,"chnl":15,"x":240,"y":0,"page":0},{"id":1061,"index":591,"char":"Х","width":34,"height":32,"xoffset":-2,"yoffset":3,"xadvance":30,"chnl":15,"x":0,"y":513,"page":0},{"id":1096,"index":626,"char":"ш","width":34,"height":23,"xoffset":-1,"yoffset":12,"xadvance":32,"chnl":15,"x":20,"y":471,"page":0},{"id":1097,"index":627,"char":"щ","width":34,"height":28,"xoffset":-1,"yoffset":12,"xadvance":32,"chnl":15,"x":38,"y":428,"page":0},{"id":8706,"index":152,"char":"∂","width":23,"height":34,"xoffset":-1,"yoffset":2,"xadvance":21,"chnl":15,"x":0,"y":546,"page":0},{"id":913,"index":505,"char":"Α","width":34,"height":32,"xoffset":-2,"yoffset":3,"xadvance":30,"chnl":15,"x":0,"y":581,"page":0},{"id":922,"index":512,"char":"Κ","width":34,"height":32,"xoffset":-1,"yoffset":3,"xadvance":30,"chnl":15,"x":24,"y":546,"page":0},{"id":925,"index":515,"char":"Ν","width":34,"height":32,"xoffset":-3,"yoffset":3,"xadvance":30,"chnl":15,"x":35,"y":495,"page":0},{"id":935,"index":523,"char":"Χ","width":34,"height":32,"xoffset":-2,"yoffset":3,"xadvance":30,"chnl":15,"x":55,"y":457,"page":0},{"id":936,"index":524,"char":"Ψ","width":34,"height":32,"xoffset":-2,"yoffset":3,"xadvance":31,"chnl":15,"x":74,"y":415,"page":0},{"id":948,"index":303,"char":"δ","width":21,"height":34,"xoffset":-1,"yoffset":2,"xadvance":20,"chnl":15,"x":95,"y":377,"page":0},{"id":952,"index":537,"char":"θ","width":21,"height":34,"xoffset":0,"yoffset":2,"xadvance":20,"chnl":15,"x":111,"y":323,"page":0},{"id":8531,"index":1151,"char":"⅓","width":31,"height":34,"xoffset":1,"yoffset":3,"xadvance":32,"chnl":15,"x":0,"y":614,"page":0},{"id":8532,"index":1152,"char":"⅔","width":33,"height":34,"xoffset":-2,"yoffset":3,"xadvance":32,"chnl":15,"x":0,"y":649,"page":0},{"id":190,"index":244,"char":"¾","width":34,"height":33,"xoffset":-1,"yoffset":3,"xadvance":32,"chnl":15,"x":32,"y":614,"page":0},{"id":67,"index":38,"char":"C","width":29,"height":33,"xoffset":0,"yoffset":3,"xadvance":28,"chnl":15,"x":35,"y":579,"page":0},{"id":102,"index":73,"char":"f","width":21,"height":33,"xoffset":0,"yoffset":2,"xadvance":14,"chnl":15,"x":59,"y":528,"page":0},{"id":71,"index":42,"char":"G","width":32,"height":33,"xoffset":-1,"yoffset":3,"xadvance":30,"chnl":15,"x":70,"y":490,"page":0},{"id":72,"index":43,"char":"H","width":33,"height":32,"xoffset":-1,"yoffset":3,"xadvance":30,"chnl":15,"x":90,"y":448,"page":0},{"id":104,"index":75,"char":"h","width":24,"height":33,"xoffset":-2,"yoffset":2,"xadvance":21,"chnl":15,"x":109,"y":412,"page":0},{"id":105,"index":76,"char":"i","width":13,"height":33,"xoffset":-1,"yoffset":2,"xadvance":12,"chnl":15,"x":65,"y":562,"page":0},{"id":107,"index":78,"char":"k","width":25,"height":33,"xoffset":-2,"yoffset":2,"xadvance":21,"chnl":15,"x":117,"y":358,"page":0},{"id":108,"index":79,"char":"l","width":14,"height":33,"xoffset":-1,"yoffset":2,"xadvance":12,"chnl":15,"x":133,"y":323,"page":0},{"id":79,"index":50,"char":"O","width":31,"height":33,"xoffset":-1,"yoffset":3,"xadvance":30,"chnl":15,"x":135,"y":286,"page":0},{"id":83,"index":54,"char":"S","width":22,"height":33,"xoffset":1,"yoffset":3,"xadvance":23,"chnl":15,"x":166,"y":218,"page":0},{"id":86,"index":57,"char":"V","width":33,"height":32,"xoffset":-2,"yoffset":3,"xadvance":30,"chnl":15,"x":157,"y":253,"page":0},{"id":89,"index":60,"char":"Y","width":33,"height":32,"xoffset":-2,"yoffset":3,"xadvance":30,"chnl":15,"x":170,"y":185,"page":0},{"id":223,"index":137,"char":"ß","width":23,"height":33,"xoffset":-1,"yoffset":2,"xadvance":21,"chnl":15,"x":189,"y":218,"page":0},{"id":48,"index":19,"char":"0","width":22,"height":33,"xoffset":0,"yoffset":3,"xadvance":21,"chnl":15,"x":184,"y":147,"page":0},{"id":51,"index":22,"char":"3","width":20,"height":33,"xoffset":0,"yoffset":3,"xadvance":21,"chnl":15,"x":204,"y":181,"page":0},{"id":54,"index":25,"char":"6","width":22,"height":33,"xoffset":0,"yoffset":3,"xadvance":21,"chnl":15,"x":207,"y":114,"page":0},{"id":56,"index":27,"char":"8","width":20,"height":33,"xoffset":1,"yoffset":3,"xadvance":21,"chnl":15,"x":217,"y":68,"page":0},{"id":57,"index":28,"char":"9","width":22,"height":33,"xoffset":0,"yoffset":3,"xadvance":21,"chnl":15,"x":0,"y":684,"page":0},{"id":33,"index":4,"char":"!","width":9,"height":33,"xoffset":3,"yoffset":3,"xadvance":14,"chnl":15,"x":0,"y":718,"page":0},{"id":63,"index":34,"char":"?","width":19,"height":33,"xoffset":0,"yoffset":3,"xadvance":19,"chnl":15,"x":0,"y":752,"page":0},{"id":35,"index":6,"char":"#","width":23,"height":33,"xoffset":-1,"yoffset":3,"xadvance":21,"chnl":15,"x":10,"y":718,"page":0},{"id":1047,"index":577,"char":"З","width":22,"height":33,"xoffset":-1,"yoffset":3,"xadvance":21,"chnl":15,"x":23,"y":684,"page":0},{"id":1048,"index":578,"char":"И","width":33,"height":32,"xoffset":-1,"yoffset":3,"xadvance":30,"chnl":15,"x":207,"y":148,"page":0},{"id":1053,"index":583,"char":"Н","width":33,"height":32,"xoffset":-1,"yoffset":3,"xadvance":30,"chnl":15,"x":34,"y":648,"page":0},{"id":1054,"index":584,"char":"О","width":31,"height":33,"xoffset":-1,"yoffset":3,"xadvance":30,"chnl":15,"x":230,"y":102,"page":0},{"id":1055,"index":585,"char":"П","width":33,"height":32,"xoffset":-1,"yoffset":3,"xadvance":30,"chnl":15,"x":238,"y":68,"page":0},{"id":1057,"index":587,"char":"С","width":29,"height":33,"xoffset":0,"yoffset":3,"xadvance":28,"chnl":15,"x":244,"y":33,"page":0},{"id":1059,"index":589,"char":"У","width":33,"height":32,"xoffset":-1,"yoffset":3,"xadvance":30,"chnl":15,"x":67,"y":596,"page":0},{"id":1069,"index":599,"char":"Э","width":29,"height":33,"xoffset":-1,"yoffset":3,"xadvance":28,"chnl":15,"x":79,"y":562,"page":0},{"id":1102,"index":632,"char":"ю","width":33,"height":24,"xoffset":-1,"yoffset":12,"xadvance":31,"chnl":15,"x":81,"y":524,"page":0},{"id":1028,"index":559,"char":"Є","width":29,"height":33,"xoffset":0,"yoffset":3,"xadvance":28,"chnl":15,"x":103,"y":481,"page":0},{"id":1110,"index":639,"char":"і","width":13,"height":33,"xoffset":-1,"yoffset":2,"xadvance":12,"chnl":15,"x":124,"y":446,"page":0},{"id":169,"index":139,"char":"©","width":33,"height":33,"xoffset":-1,"yoffset":3,"xadvance":32,"chnl":15,"x":134,"y":392,"page":0},{"id":174,"index":138,"char":"®","width":33,"height":33,"xoffset":-1,"yoffset":3,"xadvance":32,"chnl":15,"x":143,"y":357,"page":0},{"id":8804,"index":148,"char":"≤","width":26,"height":33,"xoffset":-2,"yoffset":6,"xadvance":23,"chnl":15,"x":148,"y":320,"page":0},{"id":8805,"index":149,"char":"≥","width":26,"height":33,"xoffset":-2,"yoffset":6,"xadvance":23,"chnl":15,"x":167,"y":286,"page":0},{"id":919,"index":510,"char":"Η","width":33,"height":32,"xoffset":-1,"yoffset":3,"xadvance":30,"chnl":15,"x":191,"y":252,"page":0},{"id":920,"index":300,"char":"Θ","width":31,"height":33,"xoffset":0,"yoffset":3,"xadvance":30,"chnl":15,"x":175,"y":320,"page":0},{"id":923,"index":513,"char":"Λ","width":33,"height":32,"xoffset":-1,"yoffset":3,"xadvance":30,"chnl":15,"x":194,"y":285,"page":0},{"id":927,"index":517,"char":"Ο","width":31,"height":33,"xoffset":-1,"yoffset":3,"xadvance":30,"chnl":15,"x":213,"y":215,"page":0},{"id":928,"index":518,"char":"Π","width":33,"height":32,"xoffset":-1,"yoffset":3,"xadvance":30,"chnl":15,"x":225,"y":181,"page":0},{"id":933,"index":522,"char":"Υ","width":33,"height":32,"xoffset":-2,"yoffset":3,"xadvance":30,"chnl":15,"x":225,"y":249,"page":0},{"id":937,"index":525,"char":"Ω","width":33,"height":32,"xoffset":-1,"yoffset":3,"xadvance":31,"chnl":15,"x":245,"y":214,"page":0},{"id":955,"index":540,"char":"λ","width":24,"height":33,"xoffset":-1,"yoffset":2,"xadvance":20,"chnl":15,"x":241,"y":136,"page":0},{"id":189,"index":242,"char":"½","width":32,"height":33,"xoffset":1,"yoffset":3,"xadvance":32,"chnl":15,"x":262,"y":101,"page":0},{"id":188,"index":243,"char":"¼","width":32,"height":33,"xoffset":1,"yoffset":3,"xadvance":32,"chnl":15,"x":272,"y":67,"page":0},{"id":8539,"index":489,"char":"⅛","width":31,"height":33,"xoffset":1,"yoffset":3,"xadvance":32,"chnl":15,"x":274,"y":33,"page":0},{"id":8540,"index":490,"char":"⅜","width":33,"height":33,"xoffset":-1,"yoffset":3,"xadvance":32,"chnl":15,"x":259,"y":170,"page":0},{"id":8541,"index":491,"char":"⅝","width":33,"height":33,"xoffset":-1,"yoffset":3,"xadvance":32,"chnl":15,"x":266,"y":135,"page":0},{"id":8542,"index":492,"char":"⅞","width":33,"height":33,"xoffset":-1,"yoffset":3,"xadvance":32,"chnl":15,"x":295,"y":101,"page":0},{"id":66,"index":37,"char":"B","width":29,"height":32,"xoffset":-1,"yoffset":3,"xadvance":28,"chnl":15,"x":275,"y":0,"page":0},{"id":68,"index":39,"char":"D","width":32,"height":32,"xoffset":-1,"yoffset":3,"xadvance":30,"chnl":15,"x":305,"y":0,"page":0},{"id":69,"index":40,"char":"E","width":28,"height":32,"xoffset":-1,"yoffset":3,"xadvance":26,"chnl":15,"x":305,"y":67,"page":0},{"id":70,"index":41,"char":"F","width":25,"height":32,"xoffset":-1,"yoffset":3,"xadvance":23,"chnl":15,"x":306,"y":33,"page":0},{"id":103,"index":74,"char":"g","width":23,"height":32,"xoffset":-1,"yoffset":12,"xadvance":21,"chnl":15,"x":332,"y":33,"page":0},{"id":73,"index":44,"char":"I","width":16,"height":32,"xoffset":-1,"yoffset":3,"xadvance":14,"chnl":15,"x":338,"y":0,"page":0},{"id":74,"index":45,"char":"J","width":19,"height":32,"xoffset":-1,"yoffset":3,"xadvance":16,"chnl":15,"x":355,"y":0,"page":0},{"id":76,"index":47,"char":"L","width":28,"height":32,"xoffset":-1,"yoffset":3,"xadvance":26,"chnl":15,"x":0,"y":786,"page":0},{"id":80,"index":51,"char":"P","width":25,"height":32,"xoffset":-1,"yoffset":3,"xadvance":23,"chnl":15,"x":20,"y":752,"page":0},{"id":112,"index":83,"char":"p","width":24,"height":32,"xoffset":-2,"yoffset":12,"xadvance":21,"chnl":15,"x":34,"y":718,"page":0},{"id":113,"index":84,"char":"q","width":24,"height":32,"xoffset":-1,"yoffset":12,"xadvance":21,"chnl":15,"x":46,"y":681,"page":0},{"id":82,"index":53,"char":"R","width":32,"height":32,"xoffset":-1,"yoffset":3,"xadvance":28,"chnl":15,"x":68,"y":629,"page":0},{"id":84,"index":55,"char":"T","width":27,"height":32,"xoffset":-1,"yoffset":3,"xadvance":26,"chnl":15,"x":0,"y":819,"page":0},{"id":121,"index":92,"char":"y","width":25,"height":32,"xoffset":-2,"yoffset":12,"xadvance":21,"chnl":15,"x":0,"y":852,"page":0},{"id":90,"index":61,"char":"Z","width":28,"height":32,"xoffset":-1,"yoffset":3,"xadvance":26,"chnl":15,"x":0,"y":885,"page":0},{"id":228,"index":108,"char":"ä","width":21,"height":32,"xoffset":-1,"yoffset":4,"xadvance":19,"chnl":15,"x":26,"y":852,"page":0},{"id":246,"index":124,"char":"ö","width":22,"height":32,"xoffset":-1,"yoffset":4,"xadvance":21,"chnl":15,"x":28,"y":819,"page":0},{"id":252,"index":129,"char":"ü","width":25,"height":32,"xoffset":-2,"yoffset":4,"xadvance":21,"chnl":15,"x":29,"y":785,"page":0},{"id":49,"index":20,"char":"1","width":15,"height":32,"xoffset":3,"yoffset":3,"xadvance":21,"chnl":15,"x":46,"y":751,"page":0},{"id":50,"index":21,"char":"2","width":22,"height":32,"xoffset":-1,"yoffset":3,"xadvance":21,"chnl":15,"x":59,"y":714,"page":0},{"id":52,"index":23,"char":"4","width":23,"height":32,"xoffset":-1,"yoffset":3,"xadvance":21,"chnl":15,"x":71,"y":662,"page":0},{"id":53,"index":24,"char":"5","width":20,"height":32,"xoffset":0,"yoffset":3,"xadvance":21,"chnl":15,"x":0,"y":918,"page":0},{"id":55,"index":26,"char":"7","width":22,"height":32,"xoffset":0,"yoffset":3,"xadvance":21,"chnl":15,"x":0,"y":951,"page":0},{"id":1041,"index":571,"char":"Б","width":26,"height":32,"xoffset":-1,"yoffset":3,"xadvance":24,"chnl":15,"x":21,"y":918,"page":0},{"id":1042,"index":572,"char":"В","width":29,"height":32,"xoffset":-1,"yoffset":3,"xadvance":28,"chnl":15,"x":29,"y":885,"page":0},{"id":1043,"index":573,"char":"Г","width":26,"height":32,"xoffset":-1,"yoffset":3,"xadvance":24,"chnl":15,"x":48,"y":852,"page":0},{"id":1045,"index":575,"char":"Е","width":28,"height":32,"xoffset":-1,"yoffset":3,"xadvance":26,"chnl":15,"x":51,"y":818,"page":0},{"id":1105,"index":634,"char":"ё","width":20,"height":32,"xoffset":0,"yoffset":4,"xadvance":19,"chnl":15,"x":55,"y":784,"page":0},{"id":1078,"index":608,"char":"ж","width":32,"height":23,"xoffset":-2,"yoffset":12,"xadvance":29,"chnl":15,"x":62,"y":747,"page":0},{"id":1081,"index":611,"char":"й","width":25,"height":32,"xoffset":-1,"yoffset":3,"xadvance":22,"chnl":15,"x":0,"y":984,"page":0},{"id":1050,"index":580,"char":"К","width":31,"height":32,"xoffset":-1,"yoffset":3,"xadvance":28,"chnl":15,"x":23,"y":951,"page":0},{"id":1051,"index":581,"char":"Л","width":31,"height":32,"xoffset":-2,"yoffset":3,"xadvance":28,"chnl":15,"x":48,"y":918,"page":0},{"id":1056,"index":586,"char":"Р","width":25,"height":32,"xoffset":-1,"yoffset":3,"xadvance":23,"chnl":15,"x":59,"y":885,"page":0},{"id":1088,"index":618,"char":"р","width":24,"height":32,"xoffset":-2,"yoffset":12,"xadvance":21,"chnl":15,"x":75,"y":851,"page":0},{"id":1058,"index":588,"char":"Т","width":27,"height":32,"xoffset":-1,"yoffset":3,"xadvance":26,"chnl":15,"x":26,"y":984,"page":0},{"id":1091,"index":621,"char":"у","width":25,"height":32,"xoffset":-2,"yoffset":12,"xadvance":21,"chnl":15,"x":54,"y":984,"page":0},{"id":1063,"index":593,"char":"Ч","width":31,"height":32,"xoffset":-2,"yoffset":3,"xadvance":27,"chnl":15,"x":55,"y":951,"page":0},{"id":1066,"index":596,"char":"Ъ","width":31,"height":32,"xoffset":-1,"yoffset":3,"xadvance":30,"chnl":15,"x":80,"y":918,"page":0},{"id":1068,"index":598,"char":"Ь","width":26,"height":32,"xoffset":-1,"yoffset":3,"xadvance":24,"chnl":15,"x":85,"y":884,"page":0},{"id":1071,"index":601,"char":"Я","width":32,"height":32,"xoffset":-2,"yoffset":3,"xadvance":28,"chnl":15,"x":80,"y":984,"page":0},{"id":1030,"index":561,"char":"І","width":16,"height":32,"xoffset":-1,"yoffset":3,"xadvance":14,"chnl":15,"x":87,"y":951,"page":0},{"id":8734,"index":146,"char":"∞","width":32,"height":21,"xoffset":-1,"yoffset":12,"xadvance":30,"chnl":15,"x":104,"y":951,"page":0},{"id":8710,"index":168,"char":"∆","width":29,"height":32,"xoffset":-1,"yoffset":3,"xadvance":26,"chnl":15,"x":76,"y":771,"page":0},{"id":966,"index":307,"char":"φ","width":25,"height":32,"xoffset":-1,"yoffset":12,"xadvance":24,"chnl":15,"x":80,"y":804,"page":0},{"id":181,"index":151,"char":"µ","width":24,"height":32,"xoffset":1,"yoffset":12,"xadvance":24,"chnl":15,"x":100,"y":837,"page":0},{"id":8745,"index":320,"char":"∩","width":26,"height":32,"xoffset":2,"yoffset":3,"xadvance":30,"chnl":15,"x":82,"y":695,"page":0},{"id":914,"index":506,"char":"Β","width":29,"height":32,"xoffset":-1,"yoffset":3,"xadvance":28,"chnl":15,"x":95,"y":662,"page":0},{"id":915,"index":299,"char":"Γ","width":26,"height":32,"xoffset":-1,"yoffset":3,"xadvance":24,"chnl":15,"x":95,"y":728,"page":0},{"id":916,"index":507,"char":"Δ","width":29,"height":32,"xoffset":-1,"yoffset":3,"xadvance":27,"chnl":15,"x":109,"y":695,"page":0},{"id":917,"index":508,"char":"Ε","width":28,"height":32,"xoffset":-1,"yoffset":3,"xadvance":26,"chnl":15,"x":113,"y":973,"page":0},{"id":918,"index":509,"char":"Ζ","width":28,"height":32,"xoffset":-1,"yoffset":3,"xadvance":26,"chnl":15,"x":101,"y":596,"page":0},{"id":921,"index":511,"char":"Ι","width":16,"height":32,"xoffset":-1,"yoffset":3,"xadvance":14,"chnl":15,"x":101,"y":629,"page":0},{"id":926,"index":516,"char":"Ξ","width":28,"height":32,"xoffset":0,"yoffset":3,"xadvance":27,"chnl":15,"x":118,"y":629,"page":0},{"id":929,"index":519,"char":"Ρ","width":25,"height":32,"xoffset":-1,"yoffset":3,"xadvance":23,"chnl":15,"x":125,"y":662,"page":0},{"id":931,"index":520,"char":"Σ","width":27,"height":32,"xoffset":-1,"yoffset":3,"xadvance":24,"chnl":15,"x":109,"y":549,"page":0},{"id":932,"index":521,"char":"Τ","width":27,"height":32,"xoffset":-1,"yoffset":3,"xadvance":26,"chnl":15,"x":115,"y":515,"page":0},{"id":934,"index":301,"char":"Φ","width":32,"height":32,"xoffset":-1,"yoffset":3,"xadvance":31,"chnl":15,"x":133,"y":480,"page":0},{"id":947,"index":534,"char":"γ","width":22,"height":32,"xoffset":-2,"yoffset":12,"xadvance":19,"chnl":15,"x":130,"y":582,"page":0},{"id":951,"index":536,"char":"η","width":24,"height":32,"xoffset":-2,"yoffset":12,"xadvance":22,"chnl":15,"x":137,"y":548,"page":0},{"id":956,"index":541,"char":"μ","width":24,"height":32,"xoffset":0,"yoffset":12,"xadvance":23,"chnl":15,"x":143,"y":513,"page":0},{"id":961,"index":545,"char":"ρ","width":22,"height":32,"xoffset":0,"yoffset":12,"xadvance":21,"chnl":15,"x":147,"y":615,"page":0},{"id":967,"index":548,"char":"χ","width":23,"height":32,"xoffset":-2,"yoffset":12,"xadvance":19,"chnl":15,"x":153,"y":581,"page":0},{"id":968,"index":549,"char":"ψ","width":29,"height":32,"xoffset":-1,"yoffset":12,"xadvance":26,"chnl":15,"x":162,"y":546,"page":0},{"id":1111,"index":640,"char":"ї","width":16,"height":31,"xoffset":-2,"yoffset":4,"xadvance":12,"chnl":15,"x":138,"y":426,"page":0},{"id":59,"index":30,"char":";","width":10,"height":30,"xoffset":1,"yoffset":12,"xadvance":12,"chnl":15,"x":155,"y":426,"page":0},{"id":1099,"index":629,"char":"ы","width":30,"height":23,"xoffset":-1,"yoffset":12,"xadvance":28,"chnl":15,"x":89,"y":43,"page":0},{"id":8711,"index":0,"char":"∇","width":25,"height":30,"xoffset":3,"yoffset":5,"xadvance":33,"chnl":15,"x":106,"y":761,"page":0},{"id":8712,"index":0,"char":"∈","width":25,"height":30,"xoffset":3,"yoffset":5,"xadvance":33,"chnl":15,"x":122,"y":728,"page":0},{"id":8713,"index":0,"char":"∉","width":25,"height":30,"xoffset":3,"yoffset":5,"xadvance":33,"chnl":15,"x":139,"y":695,"page":0},{"id":8746,"index":0,"char":"∪","width":25,"height":30,"xoffset":3,"yoffset":5,"xadvance":33,"chnl":15,"x":106,"y":792,"page":0},{"id":8709,"index":0,"char":"∅","width":25,"height":30,"xoffset":3,"yoffset":5,"xadvance":33,"chnl":15,"x":151,"y":648,"page":0},{"id":8743,"index":0,"char":"∧","width":25,"height":30,"xoffset":3,"yoffset":5,"xadvance":33,"chnl":15,"x":170,"y":614,"page":0},{"id":8744,"index":0,"char":"∨","width":25,"height":30,"xoffset":3,"yoffset":5,"xadvance":33,"chnl":15,"x":177,"y":579,"page":0},{"id":8834,"index":0,"char":"⊂","width":25,"height":30,"xoffset":3,"yoffset":5,"xadvance":33,"chnl":15,"x":112,"y":870,"page":0},{"id":8835,"index":0,"char":"⊃","width":25,"height":30,"xoffset":3,"yoffset":5,"xadvance":33,"chnl":15,"x":125,"y":823,"page":0},{"id":8838,"index":0,"char":"⊆","width":25,"height":30,"xoffset":3,"yoffset":5,"xadvance":33,"chnl":15,"x":112,"y":901,"page":0},{"id":8839,"index":0,"char":"⊇","width":25,"height":30,"xoffset":3,"yoffset":5,"xadvance":33,"chnl":15,"x":137,"y":932,"page":0},{"id":8704,"index":0,"char":"∀","width":25,"height":30,"xoffset":3,"yoffset":5,"xadvance":33,"chnl":15,"x":142,"y":963,"page":0},{"id":8707,"index":0,"char":"∃","width":25,"height":30,"xoffset":3,"yoffset":5,"xadvance":33,"chnl":15,"x":142,"y":994,"page":0},{"id":8756,"index":0,"char":"∴","width":25,"height":30,"xoffset":3,"yoffset":5,"xadvance":33,"chnl":15,"x":132,"y":759,"page":0},{"id":8757,"index":0,"char":"∵","width":25,"height":30,"xoffset":3,"yoffset":5,"xadvance":33,"chnl":15,"x":148,"y":726,"page":0},{"id":8723,"index":0,"char":"∓","width":25,"height":30,"xoffset":3,"yoffset":5,"xadvance":33,"chnl":15,"x":132,"y":790,"page":0},{"id":8901,"index":0,"char":"⋅","width":25,"height":30,"xoffset":3,"yoffset":5,"xadvance":33,"chnl":15,"x":165,"y":679,"page":0},{"id":8728,"index":0,"char":"∘","width":25,"height":30,"xoffset":3,"yoffset":5,"xadvance":33,"chnl":15,"x":177,"y":645,"page":0},{"id":8658,"index":0,"char":"⇒","width":25,"height":30,"xoffset":3,"yoffset":5,"xadvance":33,"chnl":15,"x":196,"y":610,"page":0},{"id":8660,"index":0,"char":"⇔","width":25,"height":30,"xoffset":3,"yoffset":5,"xadvance":33,"chnl":15,"x":138,"y":854,"page":0},{"id":65039,"index":0,"char":"️","width":25,"height":30,"xoffset":3,"yoffset":5,"xadvance":33,"chnl":15,"x":151,"y":821,"page":0},{"id":9825,"index":0,"char":"♡","width":25,"height":30,"xoffset":3,"yoffset":5,"xadvance":33,"chnl":15,"x":138,"y":885,"page":0},{"id":9829,"index":390,"char":"♥","width":26,"height":30,"xoffset":-1,"yoffset":6,"xadvance":25,"chnl":15,"x":163,"y":916,"page":0},{"id":55357,"index":0,"char":"💜","width":25,"height":30,"xoffset":3,"yoffset":5,"xadvance":33,"chnl":15,"x":158,"y":757,"page":0},{"id":9786,"index":383,"char":"☺","width":30,"height":30,"xoffset":6,"yoffset":7,"xadvance":43,"chnl":15,"x":158,"y":788,"page":0},{"id":9787,"index":384,"char":"☻","width":30,"height":30,"xoffset":7,"yoffset":7,"xadvance":44,"chnl":15,"x":174,"y":710,"page":0},{"id":10032,"index":0,"char":"✰","width":25,"height":30,"xoffset":3,"yoffset":5,"xadvance":33,"chnl":15,"x":191,"y":676,"page":0},{"id":10048,"index":0,"char":"❀","width":25,"height":30,"xoffset":3,"yoffset":5,"xadvance":33,"chnl":15,"x":203,"y":641,"page":0},{"id":9745,"index":0,"char":"☑","width":25,"height":30,"xoffset":3,"yoffset":5,"xadvance":33,"chnl":15,"x":184,"y":741,"page":0},{"id":9775,"index":0,"char":"☯","width":25,"height":30,"xoffset":3,"yoffset":5,"xadvance":33,"chnl":15,"x":205,"y":707,"page":0},{"id":9752,"index":0,"char":"☘","width":25,"height":30,"xoffset":3,"yoffset":5,"xadvance":33,"chnl":15,"x":217,"y":672,"page":0},{"id":10999,"index":0,"char":"⫷","width":25,"height":30,"xoffset":3,"yoffset":5,"xadvance":33,"chnl":15,"x":164,"y":852,"page":0},{"id":11000,"index":0,"char":"⫸","width":25,"height":30,"xoffset":3,"yoffset":5,"xadvance":33,"chnl":15,"x":164,"y":883,"page":0},{"id":3844,"index":0,"char":"༄","width":25,"height":30,"xoffset":3,"yoffset":5,"xadvance":33,"chnl":15,"x":177,"y":819,"page":0},{"id":3845,"index":0,"char":"༅","width":25,"height":30,"xoffset":3,"yoffset":5,"xadvance":33,"chnl":15,"x":189,"y":772,"page":0},{"id":9749,"index":0,"char":"☕","width":25,"height":30,"xoffset":3,"yoffset":5,"xadvance":33,"chnl":15,"x":210,"y":738,"page":0},{"id":9728,"index":0,"char":"☀","width":25,"height":30,"xoffset":3,"yoffset":5,"xadvance":33,"chnl":15,"x":231,"y":703,"page":0},{"id":55348,"index":0,"char":"𝄞","width":25,"height":30,"xoffset":3,"yoffset":5,"xadvance":33,"chnl":15,"x":168,"y":947,"page":0},{"id":13025,"index":0,"char":"㋡","width":25,"height":30,"xoffset":3,"yoffset":5,"xadvance":33,"chnl":15,"x":168,"y":978,"page":0},{"id":9856,"index":0,"char":"⚀","width":25,"height":30,"xoffset":3,"yoffset":5,"xadvance":33,"chnl":15,"x":166,"y":426,"page":0},{"id":9857,"index":0,"char":"⚁","width":25,"height":30,"xoffset":3,"yoffset":5,"xadvance":33,"chnl":15,"x":168,"y":391,"page":0},{"id":9858,"index":0,"char":"⚂","width":25,"height":30,"xoffset":3,"yoffset":5,"xadvance":33,"chnl":15,"x":177,"y":354,"page":0},{"id":9859,"index":0,"char":"⚃","width":25,"height":30,"xoffset":3,"yoffset":5,"xadvance":33,"chnl":15,"x":166,"y":457,"page":0},{"id":9860,"index":0,"char":"⚄","width":25,"height":30,"xoffset":3,"yoffset":5,"xadvance":33,"chnl":15,"x":168,"y":488,"page":0},{"id":9861,"index":0,"char":"⚅","width":25,"height":30,"xoffset":3,"yoffset":5,"xadvance":33,"chnl":15,"x":192,"y":519,"page":0},{"id":55304,"index":0,"char":"𒆜","width":25,"height":30,"xoffset":3,"yoffset":5,"xadvance":33,"chnl":15,"x":203,"y":550,"page":0},{"id":10158,"index":0,"char":"➮","width":25,"height":30,"xoffset":3,"yoffset":5,"xadvance":33,"chnl":15,"x":222,"y":581,"page":0},{"id":10159,"index":0,"char":"➯","width":25,"height":30,"xoffset":3,"yoffset":5,"xadvance":33,"chnl":15,"x":229,"y":612,"page":0},{"id":10161,"index":0,"char":"➱","width":25,"height":30,"xoffset":3,"yoffset":5,"xadvance":33,"chnl":15,"x":243,"y":643,"page":0},{"id":10146,"index":0,"char":"➢","width":25,"height":30,"xoffset":3,"yoffset":5,"xadvance":33,"chnl":15,"x":192,"y":422,"page":0},{"id":10147,"index":0,"char":"➣","width":25,"height":30,"xoffset":3,"yoffset":5,"xadvance":33,"chnl":15,"x":192,"y":453,"page":0},{"id":10148,"index":0,"char":"➤","width":25,"height":30,"xoffset":3,"yoffset":5,"xadvance":33,"chnl":15,"x":194,"y":484,"page":0},{"id":10149,"index":0,"char":"➥","width":25,"height":30,"xoffset":3,"yoffset":5,"xadvance":33,"chnl":15,"x":218,"y":515,"page":0},{"id":10150,"index":0,"char":"➦","width":25,"height":30,"xoffset":3,"yoffset":5,"xadvance":33,"chnl":15,"x":229,"y":546,"page":0},{"id":10163,"index":0,"char":"➳","width":25,"height":30,"xoffset":3,"yoffset":5,"xadvance":33,"chnl":15,"x":248,"y":577,"page":0},{"id":10170,"index":0,"char":"➺","width":25,"height":30,"xoffset":3,"yoffset":5,"xadvance":33,"chnl":15,"x":255,"y":608,"page":0},{"id":8610,"index":0,"char":"↢","width":25,"height":30,"xoffset":3,"yoffset":5,"xadvance":33,"chnl":15,"x":194,"y":385,"page":0},{"id":8612,"index":0,"char":"↤","width":25,"height":30,"xoffset":3,"yoffset":5,"xadvance":33,"chnl":15,"x":203,"y":354,"page":0},{"id":8613,"index":0,"char":"↥","width":25,"height":30,"xoffset":3,"yoffset":5,"xadvance":33,"chnl":15,"x":207,"y":318,"page":0},{"id":8614,"index":0,"char":"↦","width":25,"height":30,"xoffset":3,"yoffset":5,"xadvance":33,"chnl":15,"x":228,"y":282,"page":0},{"id":8615,"index":0,"char":"↧","width":25,"height":30,"xoffset":3,"yoffset":5,"xadvance":33,"chnl":15,"x":218,"y":416,"page":0},{"id":8611,"index":0,"char":"↣","width":25,"height":30,"xoffset":3,"yoffset":5,"xadvance":33,"chnl":15,"x":220,"y":385,"page":0},{"id":8604,"index":0,"char":"↜","width":25,"height":30,"xoffset":3,"yoffset":5,"xadvance":33,"chnl":15,"x":229,"y":349,"page":0},{"id":8605,"index":0,"char":"↝","width":25,"height":30,"xoffset":3,"yoffset":5,"xadvance":33,"chnl":15,"x":233,"y":313,"page":0},{"id":8623,"index":0,"char":"↯","width":25,"height":30,"xoffset":3,"yoffset":5,"xadvance":33,"chnl":15,"x":254,"y":282,"page":0},{"id":8662,"index":0,"char":"⇖","width":25,"height":30,"xoffset":3,"yoffset":5,"xadvance":33,"chnl":15,"x":259,"y":247,"page":0},{"id":8663,"index":0,"char":"⇗","width":25,"height":30,"xoffset":3,"yoffset":5,"xadvance":33,"chnl":15,"x":218,"y":447,"page":0},{"id":8664,"index":0,"char":"⇘","width":25,"height":30,"xoffset":3,"yoffset":5,"xadvance":33,"chnl":15,"x":220,"y":478,"page":0},{"id":8665,"index":0,"char":"⇙","width":25,"height":30,"xoffset":3,"yoffset":5,"xadvance":33,"chnl":15,"x":244,"y":509,"page":0},{"id":8678,"index":0,"char":"⇦","width":25,"height":30,"xoffset":3,"yoffset":5,"xadvance":33,"chnl":15,"x":255,"y":540,"page":0},{"id":8679,"index":0,"char":"⇧","width":25,"height":30,"xoffset":3,"yoffset":5,"xadvance":33,"chnl":15,"x":274,"y":571,"page":0},{"id":8680,"index":0,"char":"⇨","width":25,"height":30,"xoffset":3,"yoffset":5,"xadvance":33,"chnl":15,"x":279,"y":204,"page":0},{"id":8681,"index":0,"char":"⇩","width":25,"height":30,"xoffset":3,"yoffset":5,"xadvance":33,"chnl":15,"x":293,"y":169,"page":0},{"id":10594,"index":0,"char":"⥢","width":25,"height":30,"xoffset":3,"yoffset":5,"xadvance":33,"chnl":15,"x":300,"y":135,"page":0},{"id":10595,"index":0,"char":"⥣","width":25,"height":30,"xoffset":3,"yoffset":5,"xadvance":33,"chnl":15,"x":244,"y":416,"page":0},{"id":10596,"index":0,"char":"⥤","width":25,"height":30,"xoffset":3,"yoffset":5,"xadvance":33,"chnl":15,"x":244,"y":447,"page":0},{"id":10597,"index":0,"char":"⥥","width":25,"height":30,"xoffset":3,"yoffset":5,"xadvance":33,"chnl":15,"x":246,"y":478,"page":0},{"id":55308,"index":0,"char":"𓅆","width":25,"height":30,"xoffset":3,"yoffset":5,"xadvance":33,"chnl":15,"x":270,"y":509,"page":0},{"id":55308,"index":0,"char":"𓅇","width":25,"height":30,"xoffset":3,"yoffset":5,"xadvance":33,"chnl":15,"x":281,"y":540,"page":0},{"id":55308,"index":0,"char":"𓅓","width":25,"height":30,"xoffset":3,"yoffset":5,"xadvance":33,"chnl":15,"x":246,"y":380,"page":0},{"id":55308,"index":0,"char":"𓅔","width":25,"height":30,"xoffset":3,"yoffset":5,"xadvance":33,"chnl":15,"x":255,"y":344,"page":0},{"id":8533,"index":0,"char":"⅕","width":25,"height":30,"xoffset":3,"yoffset":5,"xadvance":33,"chnl":15,"x":259,"y":313,"page":0},{"id":8534,"index":0,"char":"⅖","width":25,"height":30,"xoffset":3,"yoffset":5,"xadvance":33,"chnl":15,"x":280,"y":278,"page":0},{"id":8535,"index":0,"char":"⅗","width":25,"height":30,"xoffset":3,"yoffset":5,"xadvance":33,"chnl":15,"x":285,"y":235,"page":0},{"id":8536,"index":0,"char":"⅘","width":25,"height":30,"xoffset":3,"yoffset":5,"xadvance":33,"chnl":15,"x":305,"y":200,"page":0},{"id":8537,"index":0,"char":"⅙","width":25,"height":30,"xoffset":3,"yoffset":5,"xadvance":33,"chnl":15,"x":319,"y":166,"page":0},{"id":8538,"index":0,"char":"⅚","width":25,"height":30,"xoffset":3,"yoffset":5,"xadvance":33,"chnl":15,"x":326,"y":135,"page":0},{"id":8528,"index":0,"char":"⅐","width":25,"height":30,"xoffset":3,"yoffset":5,"xadvance":33,"chnl":15,"x":329,"y":100,"page":0},{"id":8529,"index":0,"char":"⅑","width":25,"height":30,"xoffset":3,"yoffset":5,"xadvance":33,"chnl":15,"x":334,"y":66,"page":0},{"id":8530,"index":0,"char":"⅒","width":25,"height":30,"xoffset":3,"yoffset":5,"xadvance":33,"chnl":15,"x":356,"y":33,"page":0},{"id":9450,"index":0,"char":"⓪","width":25,"height":30,"xoffset":3,"yoffset":5,"xadvance":33,"chnl":15,"x":375,"y":0,"page":0},{"id":9312,"index":0,"char":"①","width":25,"height":30,"xoffset":3,"yoffset":5,"xadvance":33,"chnl":15,"x":270,"y":411,"page":0},{"id":9313,"index":0,"char":"②","width":25,"height":30,"xoffset":3,"yoffset":5,"xadvance":33,"chnl":15,"x":270,"y":442,"page":0},{"id":9314,"index":0,"char":"③","width":25,"height":30,"xoffset":3,"yoffset":5,"xadvance":33,"chnl":15,"x":272,"y":375,"page":0},{"id":9315,"index":0,"char":"④","width":25,"height":30,"xoffset":3,"yoffset":5,"xadvance":33,"chnl":15,"x":281,"y":344,"page":0},{"id":9316,"index":0,"char":"⑤","width":25,"height":30,"xoffset":3,"yoffset":5,"xadvance":33,"chnl":15,"x":285,"y":309,"page":0},{"id":9317,"index":0,"char":"⑥","width":25,"height":30,"xoffset":3,"yoffset":5,"xadvance":33,"chnl":15,"x":272,"y":473,"page":0},{"id":9318,"index":0,"char":"⑦","width":25,"height":30,"xoffset":3,"yoffset":5,"xadvance":33,"chnl":15,"x":296,"y":504,"page":0},{"id":9319,"index":0,"char":"⑧","width":25,"height":30,"xoffset":3,"yoffset":5,"xadvance":33,"chnl":15,"x":306,"y":266,"page":0},{"id":9320,"index":0,"char":"⑨","width":25,"height":30,"xoffset":3,"yoffset":5,"xadvance":33,"chnl":15,"x":311,"y":231,"page":0},{"id":116,"index":87,"char":"t","width":15,"height":29,"xoffset":-2,"yoffset":6,"xadvance":12,"chnl":15,"x":331,"y":197,"page":0},{"id":1084,"index":614,"char":"м","width":29,"height":23,"xoffset":-1,"yoffset":12,"xadvance":27,"chnl":15,"x":243,"y":674,"page":0},{"id":969,"index":550,"char":"ω","width":29,"height":24,"xoffset":0,"yoffset":12,"xadvance":28,"chnl":15,"x":345,"y":166,"page":0},{"id":1076,"index":606,"char":"д","width":24,"height":28,"xoffset":-1,"yoffset":12,"xadvance":21,"chnl":15,"x":269,"y":639,"page":0},{"id":1094,"index":624,"char":"ц","width":25,"height":28,"xoffset":-1,"yoffset":12,"xadvance":22,"chnl":15,"x":352,"y":131,"page":0},{"id":8211,"index":177,"char":"–","width":26,"height":5,"xoffset":-2,"yoffset":20,"xadvance":21,"chnl":15,"x":108,"y":185,"page":0},{"id":60,"index":31,"char":"<","width":26,"height":24,"xoffset":-1,"yoffset":7,"xadvance":24,"chnl":15,"x":355,"y":97,"page":0},{"id":62,"index":33,"char":">","width":26,"height":24,"xoffset":-1,"yoffset":7,"xadvance":24,"chnl":15,"x":360,"y":64,"page":0},{"id":95,"index":66,"char":"_","width":26,"height":6,"xoffset":-2,"yoffset":38,"xadvance":21,"chnl":15,"x":81,"y":549,"page":0},{"id":126,"index":97,"char":"~","width":26,"height":10,"xoffset":-1,"yoffset":17,"xadvance":23,"chnl":15,"x":135,"y":218,"page":0},{"id":1169,"index":649,"char":"ґ","width":18,"height":26,"xoffset":-1,"yoffset":9,"xadvance":15,"chnl":15,"x":168,"y":519,"page":0},{"id":172,"index":164,"char":"¬","width":26,"height":12,"xoffset":-1,"yoffset":13,"xadvance":24,"chnl":15,"x":138,"y":458,"page":0},{"id":43,"index":14,"char":"+","width":26,"height":26,"xoffset":-1,"yoffset":6,"xadvance":24,"chnl":15,"x":382,"y":31,"page":0},{"id":8722,"index":237,"char":"−","width":26,"height":6,"xoffset":-1,"yoffset":16,"xadvance":24,"chnl":15,"x":0,"y":1017,"page":0},{"id":247,"index":183,"char":"÷","width":26,"height":20,"xoffset":-2,"yoffset":9,"xadvance":23,"chnl":15,"x":401,"y":0,"page":0},{"id":61,"index":32,"char":"=","width":26,"height":12,"xoffset":-1,"yoffset":13,"xadvance":24,"chnl":15,"x":75,"y":327,"page":0},{"id":8776,"index":167,"char":"≈","width":26,"height":20,"xoffset":-1,"yoffset":10,"xadvance":23,"chnl":15,"x":281,"y":602,"page":0},{"id":177,"index":147,"char":"±","width":26,"height":26,"xoffset":-2,"yoffset":6,"xadvance":23,"chnl":15,"x":300,"y":571,"page":0},{"id":110,"index":81,"char":"n","width":25,"height":23,"xoffset":-2,"yoffset":12,"xadvance":21,"chnl":15,"x":307,"y":535,"page":0},{"id":117,"index":88,"char":"u","width":25,"height":23,"xoffset":-2,"yoffset":12,"xadvance":21,"chnl":15,"x":296,"y":406,"page":0},{"id":1080,"index":610,"char":"и","width":25,"height":23,"xoffset":-1,"yoffset":12,"xadvance":22,"chnl":15,"x":298,"y":375,"page":0},{"id":1085,"index":615,"char":"н","width":25,"height":23,"xoffset":-1,"yoffset":12,"xadvance":22,"chnl":15,"x":307,"y":340,"page":0},{"id":1087,"index":617,"char":"п","width":25,"height":23,"xoffset":-1,"yoffset":12,"xadvance":22,"chnl":15,"x":296,"y":430,"page":0},{"id":954,"index":539,"char":"κ","width":25,"height":23,"xoffset":-2,"yoffset":12,"xadvance":21,"chnl":15,"x":311,"y":297,"page":0},{"id":97,"index":68,"char":"a","width":21,"height":24,"xoffset":-1,"yoffset":12,"xadvance":19,"chnl":15,"x":120,"y":83,"page":0},{"id":99,"index":70,"char":"c","width":20,"height":24,"xoffset":-1,"yoffset":12,"xadvance":19,"chnl":15,"x":45,"y":111,"page":0},{"id":101,"index":72,"char":"e","width":20,"height":24,"xoffset":0,"yoffset":12,"xadvance":19,"chnl":15,"x":332,"y":262,"page":0},{"id":111,"index":82,"char":"o","width":22,"height":24,"xoffset":-1,"yoffset":12,"xadvance":21,"chnl":15,"x":337,"y":227,"page":0},{"id":115,"index":86,"char":"s","width":17,"height":24,"xoffset":0,"yoffset":12,"xadvance":16,"chnl":15,"x":203,"y":581,"page":0},{"id":118,"index":89,"char":"v","width":24,"height":23,"xoffset":-2,"yoffset":12,"xadvance":21,"chnl":15,"x":347,"y":191,"page":0},{"id":120,"index":91,"char":"x","width":24,"height":23,"xoffset":-1,"yoffset":12,"xadvance":21,"chnl":15,"x":298,"y":454,"page":0},{"id":58,"index":29,"char":":","width":9,"height":24,"xoffset":2,"yoffset":12,"xadvance":12,"chnl":15,"x":192,"y":550,"page":0},{"id":1072,"index":602,"char":"а","width":21,"height":24,"xoffset":-1,"yoffset":12,"xadvance":19,"chnl":15,"x":298,"y":478,"page":0},{"id":1077,"index":607,"char":"е","width":20,"height":24,"xoffset":0,"yoffset":12,"xadvance":19,"chnl":15,"x":320,"y":478,"page":0},{"id":1079,"index":609,"char":"з","width":19,"height":24,"xoffset":-2,"yoffset":12,"xadvance":17,"chnl":15,"x":322,"y":503,"page":0},{"id":1083,"index":613,"char":"л","width":24,"height":23,"xoffset":-2,"yoffset":12,"xadvance":21,"chnl":15,"x":322,"y":399,"page":0},{"id":1086,"index":616,"char":"о","width":22,"height":24,"xoffset":-1,"yoffset":12,"xadvance":21,"chnl":15,"x":322,"y":423,"page":0},{"id":1089,"index":619,"char":"с","width":20,"height":24,"xoffset":-1,"yoffset":12,"xadvance":19,"chnl":15,"x":323,"y":448,"page":0},{"id":1093,"index":623,"char":"х","width":24,"height":23,"xoffset":-1,"yoffset":12,"xadvance":21,"chnl":15,"x":341,"y":473,"page":0},{"id":1095,"index":625,"char":"ч","width":24,"height":23,"xoffset":-1,"yoffset":12,"xadvance":21,"chnl":15,"x":344,"y":448,"page":0},{"id":1098,"index":628,"char":"ъ","width":24,"height":23,"xoffset":-2,"yoffset":12,"xadvance":22,"chnl":15,"x":345,"y":423,"page":0},{"id":1101,"index":631,"char":"э","width":20,"height":24,"xoffset":-1,"yoffset":12,"xadvance":18,"chnl":15,"x":324,"y":364,"page":0},{"id":1108,"index":637,"char":"є","width":20,"height":24,"xoffset":-1,"yoffset":12,"xadvance":18,"chnl":15,"x":333,"y":321,"page":0},{"id":960,"index":652,"char":"π","width":24,"height":23,"xoffset":-2,"yoffset":12,"xadvance":21,"chnl":15,"x":337,"y":287,"page":0},{"id":945,"index":302,"char":"α","width":24,"height":24,"xoffset":0,"yoffset":12,"xadvance":22,"chnl":15,"x":353,"y":252,"page":0},{"id":949,"index":304,"char":"ε","width":19,"height":24,"xoffset":-1,"yoffset":12,"xadvance":18,"chnl":15,"x":360,"y":215,"page":0},{"id":953,"index":538,"char":"ι","width":15,"height":24,"xoffset":-1,"yoffset":12,"xadvance":11,"chnl":15,"x":345,"y":346,"page":0},{"id":957,"index":542,"char":"ν","width":23,"height":24,"xoffset":-3,"yoffset":12,"xadvance":19,"chnl":15,"x":345,"y":371,"page":0},{"id":959,"index":544,"char":"ο","width":22,"height":24,"xoffset":-1,"yoffset":12,"xadvance":21,"chnl":15,"x":347,"y":396,"page":0},{"id":963,"index":305,"char":"σ","width":24,"height":23,"xoffset":-1,"yoffset":12,"xadvance":23,"chnl":15,"x":372,"y":191,"page":0},{"id":965,"index":547,"char":"υ","width":23,"height":24,"xoffset":-2,"yoffset":12,"xadvance":21,"chnl":15,"x":375,"y":160,"page":0},{"id":114,"index":85,"char":"r","width":18,"height":23,"xoffset":-2,"yoffset":12,"xadvance":14,"chnl":15,"x":74,"y":196,"page":0},{"id":122,"index":93,"char":"z","width":21,"height":23,"xoffset":-1,"yoffset":12,"xadvance":19,"chnl":15,"x":354,"y":311,"page":0},{"id":171,"index":169,"char":"«","width":22,"height":23,"xoffset":-1,"yoffset":12,"xadvance":21,"chnl":15,"x":362,"y":277,"page":0},{"id":187,"index":170,"char":"»","width":22,"height":23,"xoffset":-1,"yoffset":12,"xadvance":21,"chnl":15,"x":361,"y":335,"page":0},{"id":1074,"index":604,"char":"в","width":21,"height":23,"xoffset":-1,"yoffset":12,"xadvance":20,"chnl":15,"x":376,"y":301,"page":0},{"id":1075,"index":605,"char":"г","width":20,"height":23,"xoffset":-1,"yoffset":12,"xadvance":17,"chnl":15,"x":378,"y":240,"page":0},{"id":1082,"index":612,"char":"к","width":23,"height":23,"xoffset":-1,"yoffset":12,"xadvance":20,"chnl":15,"x":380,"y":215,"page":0},{"id":1090,"index":620,"char":"т","width":22,"height":23,"xoffset":-2,"yoffset":12,"xadvance":18,"chnl":15,"x":397,"y":185,"page":0},{"id":1100,"index":630,"char":"ь","width":21,"height":23,"xoffset":-1,"yoffset":12,"xadvance":19,"chnl":15,"x":369,"y":359,"page":0},{"id":1103,"index":633,"char":"я","width":22,"height":23,"xoffset":-2,"yoffset":12,"xadvance":19,"chnl":15,"x":384,"y":325,"page":0},{"id":964,"index":306,"char":"τ","width":20,"height":23,"xoffset":-2,"yoffset":12,"xadvance":17,"chnl":15,"x":385,"y":264,"page":0},{"id":94,"index":65,"char":"^","width":22,"height":19,"xoffset":-1,"yoffset":3,"xadvance":20,"chnl":15,"x":399,"y":239,"page":0},{"id":42,"index":13,"char":"*","width":19,"height":21,"xoffset":1,"yoffset":2,"xadvance":21,"chnl":15,"x":404,"y":209,"page":0},{"id":215,"index":238,"char":"×","width":21,"height":21,"xoffset":1,"yoffset":9,"xadvance":24,"chnl":15,"x":398,"y":288,"page":0},{"id":8222,"index":196,"char":"„","width":20,"height":15,"xoffset":-1,"yoffset":27,"xadvance":19,"chnl":15,"x":138,"y":916,"page":0},{"id":8220,"index":179,"char":"“","width":20,"height":15,"xoffset":-1,"yoffset":3,"xadvance":19,"chnl":15,"x":189,"y":803,"page":0},{"id":176,"index":131,"char":"°","width":17,"height":17,"xoffset":0,"yoffset":3,"xadvance":17,"chnl":15,"x":35,"y":528,"page":0},{"id":34,"index":5,"char":"\"","width":16,"height":16,"xoffset":1,"yoffset":3,"xadvance":17,"chnl":15,"x":117,"y":392,"page":0},{"id":39,"index":10,"char":"'","width":8,"height":16,"xoffset":0,"yoffset":3,"xadvance":8,"chnl":15,"x":20,"y":495,"page":0},{"id":8242,"index":397,"char":"′","width":9,"height":16,"xoffset":1,"yoffset":3,"xadvance":9,"chnl":15,"x":71,"y":695,"page":0},{"id":8243,"index":398,"char":"″","width":16,"height":16,"xoffset":1,"yoffset":3,"xadvance":17,"chnl":15,"x":112,"y":932,"page":0},{"id":44,"index":15,"char":",","width":10,"height":15,"xoffset":0,"yoffset":27,"xadvance":11,"chnl":15,"x":151,"y":679,"page":0},{"id":45,"index":16,"char":"-","width":15,"height":7,"xoffset":0,"yoffset":20,"xadvance":14,"chnl":15,"x":360,"y":89,"page":0},{"id":8216,"index":181,"char":"‘","width":10,"height":15,"xoffset":2,"yoffset":3,"xadvance":14,"chnl":15,"x":125,"y":854,"page":0},{"id":8217,"index":182,"char":"’","width":10,"height":15,"xoffset":2,"yoffset":3,"xadvance":14,"chnl":15,"x":168,"y":1009,"page":0},{"id":8226,"index":135,"char":"•","width":14,"height":14,"xoffset":0,"yoffset":12,"xadvance":15,"chnl":15,"x":398,"y":310,"page":0},{"id":96,"index":67,"char":"`","width":11,"height":11,"xoffset":0,"yoffset":2,"xadvance":14,"chnl":15,"x":217,"y":102,"page":0},{"id":46,"index":17,"char":".","width":9,"height":9,"xoffset":1,"yoffset":27,"xadvance":11,"chnl":15,"x":95,"y":761,"page":0},{"id":183,"index":194,"char":"·","width":9,"height":9,"xoffset":1,"yoffset":15,"xadvance":11,"chnl":15,"x":174,"y":741,"page":0},{"id":8729,"index":194,"char":"∙","width":9,"height":9,"xoffset":1,"yoffset":15,"xadvance":11,"chnl":15,"x":259,"y":204,"page":0},{"id":32,"index":3,"char":" ","width":0,"height":0,"xoffset":-2,"yoffset":31,"xadvance":11,"chnl":15,"x":128,"y":41,"page":0}],"info":{"face":"timesnewromanpsmt","size":42,"bold":0,"italic":0,"charset":["A","a","B","b","C","c","D","d","E","e","F","f","G","g","H","h","I","i","J","j","K","k","L","l","M","m","N","n","O","o","P","p","Q","q","R","r","S","s","T","t","U","u","V","v","W","w","X","x","Y","y","Z","z","Ä","ä","Ö","ö","Ü","ü","ß"," ","0","1","2","3","4","5","6","7","8","9",".",",",":",";","!","?","…","-","–","—","(",")","[","]","{","}","<",">","\"","‘","’","«","»","„","“","@","#","$","%","^","&","*","_","~","`","|","\\","/","'","А","а","Б","б","В","в","Г","г","Д","д","Е","е","Ё","ё","Ж","ж","З","з","И","и","Й","й","К","к","Л","л","М","м","Н","н","О","о","П","п","Р","р","С","с","Т","т","У","у","Ф","ф","Х","х","Ц","ц","Ч","ч","Ш","ш","Щ","щ","Ъ","ъ","Ы","ы","Ь","ь","Э","э","Ю","ю","Я","я","Ґ","ґ","Є","є","І","і","Ї","ї","§","©","®","™","°","′","″","‡","†","¶","•","·","¬","+","−","×","÷","=","≠","≈","≤","≥","±","∞","√","∑","∫","∂","∆","∇","π","φ","µ","∈","∉","∪","∩","∅","∧","∨","⊂","⊃","⊆","⊇","∀","∃","∴","∵","∓","∙","⋅","∘","→","←","⇒","⇔","↔","️","Α","Β","Γ","Δ","Ε","Ζ","Η","Θ","Ι","Κ","Λ","Μ","Ν","Ξ","Ο","Π","Ρ","Σ","Τ","Υ","Φ","Χ","Ψ","Ω","α","β","γ","δ","ε","ζ","η","θ","ι","κ","λ","μ","ν","ξ","ο","ρ","σ","τ","υ","χ","ψ","ω","∏","♡","♥","💜","☺","☻","✰","❀","☑","☯","☘","⫷","⫸","༄","༅","☕","☀","☼","𝄞","㋡","⚀","⚁","⚂","⚃","⚄","⚅","𒆜","➮","➯","➱","➢","➣","➤","➥","➦","➳","➺","↑","↓","↢","↤","↥","↦","↧","↣","↜","↝","↯","⇖","⇗","⇘","⇙","⇦","⇧","⇨","⇩","⥢","⥣","⥤","⥥","𓅆","𓅇","𓅓","𓅔","½","⅓","⅔","¼","¾","⅕","⅖","⅗","⅘","⅙","⅚","⅐","⅛","⅜","⅝","⅞","⅑","⅒","⓪","①","②","③","④","⑤","⑥","⑦","⑧","⑨"],"unicode":1,"stretchH":100,"smooth":1,"aa":1,"padding":[2,2,2,2],"spacing":[0,0]},"common":{"lineHeight":44,"base":31,"scaleW":1024,"scaleH":1024,"pages":1,"packed":0,"alphaChnl":0,"redChnl":0,"greenChnl":0,"blueChnl":0},"distanceField":{"fieldType":"msdf","distanceRange":4},"kernings":[{"first":65,"second":84,"amount":-5},{"first":65,"second":86,"amount":-5},{"first":65,"second":118,"amount":-3},{"first":65,"second":87,"amount":-3},{"first":65,"second":119,"amount":-4},{"first":65,"second":89,"amount":-4},{"first":65,"second":121,"amount":-4},{"first":65,"second":32,"amount":-2},{"first":65,"second":8217,"amount":-5},{"first":70,"second":65,"amount":-3},{"first":70,"second":46,"amount":-3},{"first":70,"second":44,"amount":-3},{"first":102,"second":102,"amount":-1},{"first":102,"second":8217,"amount":2},{"first":76,"second":84,"amount":-4},{"first":76,"second":86,"amount":-4},{"first":76,"second":87,"amount":-3},{"first":76,"second":89,"amount":-4},{"first":76,"second":121,"amount":-2},{"first":76,"second":32,"amount":-2},{"first":76,"second":8217,"amount":-4},{"first":80,"second":65,"amount":-4},{"first":80,"second":32,"amount":-2},{"first":80,"second":46,"amount":-5},{"first":80,"second":44,"amount":-5},{"first":82,"second":84,"amount":-3},{"first":82,"second":86,"amount":-3},{"first":82,"second":87,"amount":-2},{"first":82,"second":89,"amount":-2},{"first":82,"second":121,"amount":-2},{"first":114,"second":103,"amount":-1},{"first":114,"second":46,"amount":-2},{"first":114,"second":44,"amount":-2},{"first":114,"second":45,"amount":-1},{"first":114,"second":8217,"amount":2},{"first":84,"second":65,"amount":-3},{"first":84,"second":97,"amount":-3},{"first":84,"second":99,"amount":-3},{"first":84,"second":101,"amount":-3},{"first":84,"second":105,"amount":-1},{"first":84,"second":79,"amount":-1},{"first":84,"second":111,"amount":-3},{"first":84,"second":114,"amount":-1},{"first":84,"second":115,"amount":-3},{"first":84,"second":117,"amount":-1},{"first":84,"second":119,"amount":-3},{"first":84,"second":121,"amount":-3},{"first":84,"second":32,"amount":-1},{"first":84,"second":46,"amount":-3},{"first":84,"second":44,"amount":-3},{"first":84,"second":58,"amount":-2},{"first":84,"second":59,"amount":-2},{"first":84,"second":45,"amount":-4},{"first":86,"second":65,"amount":-5},{"first":86,"second":97,"amount":-5},{"first":86,"second":101,"amount":-5},{"first":86,"second":105,"amount":-3},{"first":86,"second":111,"amount":-5},{"first":86,"second":114,"amount":-3},{"first":86,"second":117,"amount":-3},{"first":86,"second":121,"amount":-5},{"first":86,"second":32,"amount":-1},{"first":86,"second":46,"amount":-5},{"first":86,"second":44,"amount":-5},{"first":86,"second":58,"amount":-3},{"first":86,"second":59,"amount":-3},{"first":86,"second":45,"amount":-4},{"first":118,"second":46,"amount":-3},{"first":118,"second":44,"amount":-3},{"first":87,"second":65,"amount":-5},{"first":87,"second":97,"amount":-3},{"first":87,"second":101,"amount":-3},{"first":87,"second":105,"amount":-2},{"first":87,"second":111,"amount":-3},{"first":87,"second":114,"amount":-2},{"first":87,"second":117,"amount":-2},{"first":87,"second":121,"amount":-3},{"first":87,"second":32,"amount":-1},{"first":87,"second":46,"amount":-4},{"first":87,"second":44,"amount":-4},{"first":87,"second":58,"amount":-2},{"first":87,"second":59,"amount":-2},{"first":87,"second":45,"amount":-2},{"first":119,"second":46,"amount":-3},{"first":119,"second":44,"amount":-3},{"first":89,"second":65,"amount":-5},{"first":89,"second":97,"amount":-4},{"first":89,"second":101,"amount":-4},{"first":89,"second":105,"amount":-2},{"first":89,"second":111,"amount":-4},{"first":89,"second":112,"amount":-4},{"first":89,"second":113,"amount":-5},{"first":89,"second":117,"amount":-5},{"first":89,"second":118,"amount":-4},{"first":89,"second":32,"amount":-2},{"first":89,"second":46,"amount":-5},{"first":89,"second":44,"amount":-5},{"first":89,"second":58,"amount":-4},{"first":89,"second":59,"amount":-4},{"first":89,"second":45,"amount":-5},{"first":121,"second":46,"amount":-3},{"first":121,"second":44,"amount":-3},{"first":32,"second":65,"amount":-2},{"first":32,"second":84,"amount":-1},{"first":32,"second":86,"amount":-1},{"first":32,"second":87,"amount":-1},{"first":32,"second":89,"amount":-2},{"first":32,"second":913,"amount":-2},{"first":32,"second":916,"amount":-2},{"first":32,"second":923,"amount":-2},{"first":32,"second":932,"amount":-1},{"first":32,"second":933,"amount":-2},{"first":49,"second":49,"amount":-2},{"first":8216,"second":8216,"amount":-3},{"first":8217,"second":115,"amount":-2},{"first":8217,"second":116,"amount":-1},{"first":8217,"second":32,"amount":-3},{"first":8217,"second":8217,"amount":-3},{"first":8222,"second":1058,"amount":-4},{"first":8222,"second":1063,"amount":-8},{"first":8222,"second":1066,"amount":-4},{"first":1040,"second":8217,"amount":-4},{"first":1040,"second":1072,"amount":-1},{"first":1040,"second":1073,"amount":-2},{"first":1040,"second":1077,"amount":-1},{"first":1040,"second":1047,"amount":-1},{"first":1040,"second":1054,"amount":-2},{"first":1040,"second":1086,"amount":-2},{"first":1040,"second":1057,"amount":-2},{"first":1040,"second":1089,"amount":-1},{"first":1040,"second":1058,"amount":-4},{"first":1040,"second":1090,"amount":-2},{"first":1040,"second":1059,"amount":-4},{"first":1040,"second":1091,"amount":-2},{"first":1040,"second":1060,"amount":-3},{"first":1040,"second":1092,"amount":-2},{"first":1040,"second":1063,"amount":-6},{"first":1040,"second":1069,"amount":-1},{"first":1072,"second":1083,"amount":0},{"first":1072,"second":1087,"amount":-1},{"first":1072,"second":1090,"amount":-1},{"first":1072,"second":1091,"amount":-2},{"first":1072,"second":1095,"amount":-2},{"first":1041,"second":1040,"amount":-1},{"first":1041,"second":1044,"amount":-2},{"first":1041,"second":1076,"amount":-1},{"first":1041,"second":1046,"amount":-1},{"first":1041,"second":1051,"amount":-1},{"first":1041,"second":1083,"amount":-1},{"first":1041,"second":1054,"amount":0},{"first":1041,"second":1057,"amount":0},{"first":1041,"second":1058,"amount":-1},{"first":1041,"second":1059,"amount":-1},{"first":1041,"second":1091,"amount":-1},{"first":1041,"second":1060,"amount":-1},{"first":1041,"second":1061,"amount":-1},{"first":1041,"second":1063,"amount":-2},{"first":1041,"second":1066,"amount":-2},{"first":1041,"second":1071,"amount":-1},{"first":1073,"second":1076,"amount":-1},{"first":1073,"second":1077,"amount":-1},{"first":1073,"second":1078,"amount":-1},{"first":1073,"second":1083,"amount":-1},{"first":1073,"second":1084,"amount":0},{"first":1073,"second":1091,"amount":-2},{"first":1073,"second":1093,"amount":-2},{"first":1073,"second":1095,"amount":-2},{"first":1073,"second":1098,"amount":-1},{"first":1073,"second":1103,"amount":-1},{"first":1042,"second":1040,"amount":-3},{"first":1042,"second":1044,"amount":-2},{"first":1042,"second":1076,"amount":-1},{"first":1042,"second":1046,"amount":-1},{"first":1042,"second":1051,"amount":-2},{"first":1042,"second":1058,"amount":-1},{"first":1042,"second":1059,"amount":-3},{"first":1042,"second":1091,"amount":-1},{"first":1042,"second":1061,"amount":-1},{"first":1042,"second":1093,"amount":-1},{"first":1042,"second":1063,"amount":-2},{"first":1042,"second":1095,"amount":-1},{"first":1042,"second":1066,"amount":-2},{"first":1042,"second":1071,"amount":-2},{"first":1074,"second":1072,"amount":-1},{"first":1074,"second":1073,"amount":-1},{"first":1074,"second":1076,"amount":-1},{"first":1074,"second":1077,"amount":0},{"first":1074,"second":1078,"amount":-1},{"first":1074,"second":1083,"amount":-1},{"first":1074,"second":1084,"amount":-1},{"first":1074,"second":1086,"amount":0},{"first":1074,"second":1089,"amount":0},{"first":1074,"second":1090,"amount":-1},{"first":1074,"second":1091,"amount":-1},{"first":1074,"second":1092,"amount":-1},{"first":1074,"second":1095,"amount":-2},{"first":1074,"second":1098,"amount":-1},{"first":1074,"second":1103,"amount":-1},{"first":1043,"second":46,"amount":-5},{"first":1043,"second":44,"amount":-5},{"first":1043,"second":8212,"amount":-1},{"first":1043,"second":171,"amount":-3},{"first":1043,"second":187,"amount":-1},{"first":1043,"second":1040,"amount":-5},{"first":1043,"second":1072,"amount":-1},{"first":1043,"second":1074,"amount":-2},{"first":1043,"second":1044,"amount":-4},{"first":1043,"second":1076,"amount":-3},{"first":1043,"second":1077,"amount":-3},{"first":1043,"second":1047,"amount":1},{"first":1043,"second":1080,"amount":-2},{"first":1043,"second":1051,"amount":-3},{"first":1043,"second":1083,"amount":-3},{"first":1043,"second":1052,"amount":-1},{"first":1043,"second":1084,"amount":-2},{"first":1043,"second":1085,"amount":-2},{"first":1043,"second":1054,"amount":-1},{"first":1043,"second":1086,"amount":-4},{"first":1043,"second":1088,"amount":-3},{"first":1043,"second":1057,"amount":-1},{"first":1043,"second":1091,"amount":-2},{"first":1043,"second":1099,"amount":-3},{"first":1043,"second":1100,"amount":-3},{"first":1043,"second":1102,"amount":-2},{"first":1043,"second":1071,"amount":-3},{"first":1043,"second":1103,"amount":-3},{"first":1075,"second":46,"amount":-5},{"first":1075,"second":44,"amount":-5},{"first":1075,"second":1076,"amount":-2},{"first":1075,"second":1077,"amount":-1},{"first":1075,"second":1083,"amount":-2},{"first":1075,"second":1084,"amount":-1},{"first":1075,"second":1086,"amount":-1},{"first":1075,"second":1103,"amount":-1},{"first":1044,"second":1077,"amount":1},{"first":1044,"second":1047,"amount":1},{"first":1044,"second":1079,"amount":1},{"first":1044,"second":1059,"amount":1},{"first":1044,"second":1069,"amount":1},{"first":1076,"second":1079,"amount":1},{"first":1076,"second":1101,"amount":1},{"first":1045,"second":1047,"amount":1},{"first":1045,"second":1051,"amount":-1},{"first":1077,"second":101,"amount":1},{"first":1077,"second":1072,"amount":1},{"first":1077,"second":1076,"amount":-1},{"first":1077,"second":1079,"amount":1},{"first":1077,"second":1089,"amount":1},{"first":1077,"second":1091,"amount":-1},{"first":1077,"second":1092,"amount":1},{"first":1077,"second":1093,"amount":-1},{"first":1077,"second":1095,"amount":-1},{"first":1046,"second":1072,"amount":-1},{"first":1046,"second":1073,"amount":-2},{"first":1046,"second":1077,"amount":-2},{"first":1046,"second":1047,"amount":-1},{"first":1046,"second":1054,"amount":-1},{"first":1046,"second":1086,"amount":-2},{"first":1046,"second":1057,"amount":-1},{"first":1046,"second":1058,"amount":-1},{"first":1046,"second":1059,"amount":-1},{"first":1046,"second":1091,"amount":-2},{"first":1046,"second":1066,"amount":0},{"first":1078,"second":1073,"amount":-1},{"first":1078,"second":1077,"amount":-1},{"first":1078,"second":1079,"amount":1},{"first":1078,"second":1086,"amount":-1},{"first":1078,"second":1089,"amount":-1},{"first":1078,"second":1095,"amount":-1},{"first":1078,"second":1098,"amount":-1},{"first":1047,"second":1044,"amount":-3},{"first":1047,"second":1076,"amount":-1},{"first":1047,"second":1046,"amount":-1},{"first":1047,"second":1051,"amount":-2},{"first":1047,"second":1083,"amount":-1},{"first":1047,"second":1059,"amount":-1},{"first":1047,"second":1063,"amount":-2},{"first":1047,"second":1071,"amount":-2},{"first":1079,"second":1076,"amount":-1},{"first":1079,"second":1078,"amount":-1},{"first":1079,"second":1079,"amount":1},{"first":1079,"second":1084,"amount":-1},{"first":1079,"second":1086,"amount":0},{"first":1079,"second":1091,"amount":-1},{"first":1079,"second":1092,"amount":0},{"first":1079,"second":1095,"amount":-1},{"first":1079,"second":1098,"amount":-1},{"first":1050,"second":1072,"amount":-1},{"first":1050,"second":1077,"amount":-2},{"first":1050,"second":1079,"amount":-1},{"first":1050,"second":1054,"amount":-1},{"first":1050,"second":1086,"amount":-2},{"first":1050,"second":1057,"amount":-1},{"first":1050,"second":1089,"amount":-1},{"first":1050,"second":1090,"amount":-2},{"first":1050,"second":1059,"amount":-1},{"first":1050,"second":1091,"amount":-3},{"first":1050,"second":1060,"amount":-2},{"first":1050,"second":1063,"amount":-1},{"first":1050,"second":1069,"amount":1},{"first":1050,"second":1101,"amount":-1},{"first":1082,"second":171,"amount":-1},{"first":1082,"second":1072,"amount":-1},{"first":1082,"second":1073,"amount":-1},{"first":1082,"second":1077,"amount":-1},{"first":1082,"second":1079,"amount":-1},{"first":1082,"second":1086,"amount":-2},{"first":1082,"second":1089,"amount":-1},{"first":1082,"second":1090,"amount":-1},{"first":1082,"second":1091,"amount":-1},{"first":1082,"second":1092,"amount":-1},{"first":1082,"second":1095,"amount":-2},{"first":1082,"second":1101,"amount":-1},{"first":1051,"second":1073,"amount":-1},{"first":1051,"second":1077,"amount":0},{"first":1051,"second":1086,"amount":-1},{"first":1051,"second":1091,"amount":-1},{"first":1051,"second":1060,"amount":-1},{"first":1052,"second":1077,"amount":-1},{"first":1052,"second":1086,"amount":-1},{"first":1052,"second":1091,"amount":-1},{"first":1052,"second":1060,"amount":-1},{"first":1052,"second":1095,"amount":-2},{"first":1084,"second":1072,"amount":0},{"first":1084,"second":1101,"amount":1},{"first":1054,"second":1040,"amount":-2},{"first":1054,"second":1044,"amount":-2},{"first":1054,"second":1076,"amount":-1},{"first":1054,"second":1046,"amount":-1},{"first":1054,"second":1051,"amount":-2},{"first":1054,"second":1057,"amount":1},{"first":1054,"second":1059,"amount":-2},{"first":1054,"second":1060,"amount":1},{"first":1054,"second":1061,"amount":-3},{"first":1054,"second":1063,"amount":-1},{"first":1054,"second":1071,"amount":-3},{"first":1086,"second":1076,"amount":-1},{"first":1086,"second":1077,"amount":1},{"first":1086,"second":1078,"amount":-1},{"first":1086,"second":1083,"amount":-1},{"first":1086,"second":1084,"amount":-1},{"first":1086,"second":1089,"amount":1},{"first":1086,"second":1090,"amount":-1},{"first":1086,"second":1091,"amount":-2},{"first":1086,"second":1093,"amount":-1},{"first":1086,"second":1095,"amount":-1},{"first":1086,"second":1101,"amount":1},{"first":1086,"second":1103,"amount":-1},{"first":1056,"second":46,"amount":-5},{"first":1056,"second":44,"amount":-5},{"first":1056,"second":58,"amount":2},{"first":1056,"second":59,"amount":2},{"first":1056,"second":187,"amount":1},{"first":1056,"second":1040,"amount":-5},{"first":1056,"second":1044,"amount":-3},{"first":1056,"second":1076,"amount":-2},{"first":1056,"second":1077,"amount":-1},{"first":1056,"second":1046,"amount":-1},{"first":1056,"second":1047,"amount":1},{"first":1056,"second":1051,"amount":-3},{"first":1056,"second":1054,"amount":1},{"first":1056,"second":1086,"amount":-1},{"first":1056,"second":1057,"amount":1},{"first":1056,"second":1058,"amount":1},{"first":1056,"second":1059,"amount":-1},{"first":1056,"second":1060,"amount":-1},{"first":1056,"second":1061,"amount":-3},{"first":1056,"second":1101,"amount":1},{"first":1056,"second":1071,"amount":-3},{"first":1056,"second":1103,"amount":-2},{"first":1088,"second":1076,"amount":-1},{"first":1088,"second":1079,"amount":1},{"first":1088,"second":1083,"amount":-1},{"first":1088,"second":1084,"amount":-1},{"first":1088,"second":1090,"amount":-1},{"first":1088,"second":1091,"amount":-1},{"first":1088,"second":1095,"amount":-1},{"first":1088,"second":1101,"amount":1},{"first":1057,"second":1040,"amount":-2},{"first":1057,"second":1073,"amount":1},{"first":1057,"second":1044,"amount":-2},{"first":1057,"second":1077,"amount":1},{"first":1057,"second":1051,"amount":-1},{"first":1057,"second":1089,"amount":1},{"first":1057,"second":1090,"amount":-1},{"first":1057,"second":1059,"amount":-1},{"first":1057,"second":1091,"amount":-1},{"first":1057,"second":1061,"amount":-1},{"first":1057,"second":1063,"amount":-1},{"first":1057,"second":1095,"amount":-1},{"first":1057,"second":1066,"amount":-1},{"first":1057,"second":1101,"amount":1},{"first":1089,"second":1072,"amount":1},{"first":1089,"second":1073,"amount":1},{"first":1089,"second":1077,"amount":1},{"first":1089,"second":1079,"amount":1},{"first":1089,"second":1091,"amount":-1},{"first":1089,"second":1092,"amount":1},{"first":1089,"second":1093,"amount":-1},{"first":1089,"second":1095,"amount":-1},{"first":1089,"second":1101,"amount":1},{"first":1058,"second":46,"amount":-4},{"first":1058,"second":44,"amount":-4},{"first":1058,"second":171,"amount":-2},{"first":1058,"second":187,"amount":-1},{"first":1058,"second":1040,"amount":-2},{"first":1058,"second":1072,"amount":-1},{"first":1058,"second":1074,"amount":-2},{"first":1058,"second":1044,"amount":-3},{"first":1058,"second":1077,"amount":-2},{"first":1058,"second":1080,"amount":-1},{"first":1058,"second":1082,"amount":-1},{"first":1058,"second":1051,"amount":-2},{"first":1058,"second":1083,"amount":-2},{"first":1058,"second":1052,"amount":-1},{"first":1058,"second":1084,"amount":-1},{"first":1058,"second":1054,"amount":-1},{"first":1058,"second":1086,"amount":-3},{"first":1058,"second":1087,"amount":-2},{"first":1058,"second":1088,"amount":-2},{"first":1058,"second":1089,"amount":-2},{"first":1058,"second":1091,"amount":-2},{"first":1058,"second":1060,"amount":-1},{"first":1058,"second":1093,"amount":-2},{"first":1058,"second":1097,"amount":-2},{"first":1058,"second":1099,"amount":-2},{"first":1058,"second":1100,"amount":-3},{"first":1058,"second":1102,"amount":-2},{"first":1058,"second":1071,"amount":-2},{"first":1058,"second":1103,"amount":-2},{"first":1090,"second":46,"amount":-3},{"first":1090,"second":44,"amount":-3},{"first":1090,"second":1072,"amount":1},{"first":1090,"second":1076,"amount":-1},{"first":1090,"second":1078,"amount":1},{"first":1090,"second":1079,"amount":1},{"first":1090,"second":1083,"amount":-1},{"first":1090,"second":1086,"amount":-1},{"first":1090,"second":1088,"amount":1},{"first":1090,"second":1089,"amount":1},{"first":1090,"second":1091,"amount":-1},{"first":1090,"second":1101,"amount":1},{"first":1090,"second":1103,"amount":-1},{"first":1059,"second":46,"amount":-7},{"first":1059,"second":44,"amount":-7},{"first":1059,"second":58,"amount":-2},{"first":1059,"second":59,"amount":-2},{"first":1059,"second":8212,"amount":-1},{"first":1059,"second":171,"amount":-4},{"first":1059,"second":187,"amount":-3},{"first":1059,"second":1040,"amount":-8},{"first":1059,"second":1073,"amount":-3},{"first":1059,"second":1074,"amount":-5},{"first":1059,"second":1075,"amount":-4},{"first":1059,"second":1044,"amount":-4},{"first":1059,"second":1076,"amount":-6},{"first":1059,"second":1077,"amount":-5},{"first":1059,"second":1078,"amount":-4},{"first":1059,"second":1047,"amount":-1},{"first":1059,"second":1079,"amount":-4},{"first":1059,"second":1080,"amount":-4},{"first":1059,"second":1081,"amount":-2},{"first":1059,"second":1082,"amount":-4},{"first":1059,"second":1051,"amount":-5},{"first":1059,"second":1083,"amount":-5},{"first":1059,"second":1084,"amount":-4},{"first":1059,"second":1085,"amount":-4},{"first":1059,"second":1054,"amount":-2},{"first":1059,"second":1086,"amount":-5},{"first":1059,"second":1087,"amount":-4},{"first":1059,"second":1088,"amount":-4},{"first":1059,"second":1089,"amount":-5},{"first":1059,"second":1060,"amount":-3},{"first":1059,"second":1093,"amount":-4},{"first":1059,"second":1094,"amount":-4},{"first":1059,"second":1096,"amount":-4},{"first":1059,"second":1097,"amount":-4},{"first":1059,"second":1069,"amount":-1},{"first":1059,"second":1102,"amount":-4},{"first":1059,"second":1071,"amount":-5},{"first":1059,"second":1103,"amount":-5},{"first":1091,"second":46,"amount":-4},{"first":1091,"second":44,"amount":-4},{"first":1091,"second":58,"amount":-1},{"first":1091,"second":59,"amount":-1},{"first":1091,"second":187,"amount":1},{"first":1091,"second":1072,"amount":-1},{"first":1091,"second":1073,"amount":-1},{"first":1091,"second":1076,"amount":-3},{"first":1091,"second":1077,"amount":-1},{"first":1091,"second":1078,"amount":-1},{"first":1091,"second":1083,"amount":-2},{"first":1091,"second":1084,"amount":-1},{"first":1091,"second":1086,"amount":-1},{"first":1091,"second":1092,"amount":-1},{"first":1091,"second":1103,"amount":-1},{"first":1060,"second":1040,"amount":-3},{"first":1060,"second":1044,"amount":-4},{"first":1060,"second":1051,"amount":-3},{"first":1060,"second":1083,"amount":-2},{"first":1060,"second":1054,"amount":1},{"first":1060,"second":1058,"amount":-1},{"first":1060,"second":1059,"amount":-3},{"first":1060,"second":1063,"amount":-3},{"first":1060,"second":1071,"amount":-4},{"first":1092,"second":1076,"amount":-1},{"first":1092,"second":1083,"amount":-1},{"first":1092,"second":1091,"amount":-1},{"first":1092,"second":1092,"amount":0},{"first":1092,"second":1095,"amount":-1},{"first":1092,"second":1103,"amount":-1},{"first":1061,"second":1047,"amount":-1},{"first":1061,"second":1054,"amount":-2},{"first":1061,"second":1086,"amount":-3},{"first":1061,"second":1057,"amount":-2},{"first":1061,"second":1091,"amount":-4},{"first":1061,"second":1060,"amount":-4},{"first":1061,"second":1069,"amount":-1},{"first":1093,"second":1072,"amount":-1},{"first":1093,"second":1073,"amount":-2},{"first":1093,"second":1077,"amount":-1},{"first":1093,"second":1079,"amount":-1},{"first":1093,"second":1086,"amount":-2},{"first":1093,"second":1089,"amount":-1},{"first":1093,"second":1090,"amount":-1},{"first":1093,"second":1091,"amount":-2},{"first":1093,"second":1092,"amount":-2},{"first":1093,"second":1095,"amount":-2},{"first":1093,"second":1098,"amount":-2},{"first":1093,"second":1101,"amount":-1},{"first":1062,"second":1054,"amount":-1},{"first":1062,"second":1086,"amount":-1},{"first":1094,"second":1079,"amount":1},{"first":1065,"second":1091,"amount":1},{"first":1066,"second":8217,"amount":-3},{"first":1066,"second":1071,"amount":-3},{"first":1068,"second":8217,"amount":-3},{"first":1068,"second":1040,"amount":-2},{"first":1068,"second":1044,"amount":-3},{"first":1068,"second":1046,"amount":-3},{"first":1068,"second":1047,"amount":-2},{"first":1068,"second":1051,"amount":-2},{"first":1068,"second":1052,"amount":-2},{"first":1068,"second":1054,"amount":-1},{"first":1068,"second":1057,"amount":-1},{"first":1068,"second":1058,"amount":-3},{"first":1068,"second":1061,"amount":-3},{"first":1068,"second":1063,"amount":-5},{"first":1068,"second":1069,"amount":-1},{"first":1068,"second":1071,"amount":-2},{"first":1100,"second":1090,"amount":-2},{"first":1100,"second":1095,"amount":-3},{"first":1069,"second":1044,"amount":-4},{"first":1069,"second":1076,"amount":-1},{"first":1069,"second":1046,"amount":-1},{"first":1069,"second":1047,"amount":1},{"first":1069,"second":1051,"amount":-3},{"first":1069,"second":1083,"amount":-1},{"first":1069,"second":1054,"amount":1},{"first":1069,"second":1060,"amount":0},{"first":1069,"second":1061,"amount":-2},{"first":1069,"second":1071,"amount":-2},{"first":1101,"second":1076,"amount":-2},{"first":1101,"second":1078,"amount":-2},{"first":1101,"second":1083,"amount":-1},{"first":1101,"second":1084,"amount":0},{"first":1101,"second":1092,"amount":0},{"first":1101,"second":1093,"amount":-2},{"first":1101,"second":1103,"amount":-1},{"first":1070,"second":1040,"amount":-2},{"first":1070,"second":1044,"amount":-3},{"first":1070,"second":1076,"amount":-1},{"first":1070,"second":1046,"amount":-3},{"first":1070,"second":1078,"amount":1},{"first":1070,"second":1051,"amount":-2},{"first":1070,"second":1083,"amount":-1},{"first":1070,"second":1054,"amount":1},{"first":1070,"second":1058,"amount":-1},{"first":1070,"second":1061,"amount":-4},{"first":1070,"second":1063,"amount":-2},{"first":1102,"second":1076,"amount":-2},{"first":1102,"second":1078,"amount":-1},{"first":1102,"second":1083,"amount":-1},{"first":1102,"second":1084,"amount":-1},{"first":1102,"second":1090,"amount":-1},{"first":1102,"second":1092,"amount":0},{"first":1102,"second":1093,"amount":-2},{"first":1102,"second":1095,"amount":-2},{"first":1168,"second":46,"amount":-4},{"first":1168,"second":44,"amount":-4},{"first":1168,"second":58,"amount":-1},{"first":1168,"second":59,"amount":-1},{"first":1168,"second":8212,"amount":-1},{"first":1168,"second":171,"amount":-4},{"first":1168,"second":187,"amount":-2},{"first":913,"second":32,"amount":-2},{"first":913,"second":8217,"amount":-5},{"first":913,"second":920,"amount":-2},{"first":913,"second":927,"amount":-2},{"first":913,"second":932,"amount":-5},{"first":913,"second":933,"amount":-6},{"first":913,"second":934,"amount":-2},{"first":913,"second":947,"amount":-3},{"first":913,"second":957,"amount":-3},{"first":913,"second":967,"amount":-3},{"first":915,"second":46,"amount":-5},{"first":915,"second":44,"amount":-5},{"first":915,"second":913,"amount":-7},{"first":915,"second":916,"amount":-5},{"first":915,"second":923,"amount":-7},{"first":915,"second":953,"amount":-1},{"first":916,"second":32,"amount":-2},{"first":916,"second":927,"amount":-1},{"first":916,"second":932,"amount":-3},{"first":916,"second":933,"amount":-4},{"first":920,"second":913,"amount":-2},{"first":920,"second":916,"amount":-1},{"first":920,"second":923,"amount":-2},{"first":920,"second":933,"amount":-2},{"first":922,"second":966,"amount":-2},{"first":922,"second":920,"amount":-3},{"first":922,"second":927,"amount":-3},{"first":922,"second":932,"amount":-2},{"first":922,"second":934,"amount":-3},{"first":922,"second":945,"amount":-2},{"first":922,"second":948,"amount":-2},{"first":922,"second":950,"amount":-2},{"first":922,"second":952,"amount":-2},{"first":922,"second":958,"amount":-2},{"first":922,"second":963,"amount":-2},{"first":922,"second":969,"amount":-2},{"first":923,"second":32,"amount":-1},{"first":923,"second":920,"amount":-2},{"first":923,"second":927,"amount":-2},{"first":923,"second":932,"amount":-5},{"first":923,"second":933,"amount":-6},{"first":927,"second":913,"amount":-2},{"first":927,"second":916,"amount":-1},{"first":927,"second":923,"amount":-2},{"first":927,"second":933,"amount":-2},{"first":929,"second":46,"amount":-5},{"first":929,"second":44,"amount":-5},{"first":929,"second":913,"amount":-4},{"first":929,"second":916,"amount":-3},{"first":929,"second":923,"amount":-4},{"first":931,"second":964,"amount":-1},{"first":932,"second":32,"amount":-1},{"first":932,"second":46,"amount":-3},{"first":932,"second":44,"amount":-3},{"first":932,"second":58,"amount":-2},{"first":932,"second":59,"amount":-2},{"first":932,"second":45,"amount":-4},{"first":932,"second":966,"amount":-3},{"first":932,"second":913,"amount":-3},{"first":932,"second":916,"amount":-4},{"first":932,"second":920,"amount":-1},{"first":932,"second":923,"amount":-5},{"first":932,"second":927,"amount":-1},{"first":932,"second":934,"amount":-1},{"first":932,"second":937,"amount":-1},{"first":932,"second":945,"amount":-3},{"first":932,"second":947,"amount":-2},{"first":932,"second":948,"amount":-3},{"first":932,"second":949,"amount":-3},{"first":932,"second":951,"amount":-2},{"first":932,"second":953,"amount":-1},{"first":932,"second":956,"amount":-2},{"first":932,"second":957,"amount":-1},{"first":932,"second":959,"amount":-3},{"first":932,"second":963,"amount":-3},{"first":932,"second":967,"amount":-1},{"first":932,"second":968,"amount":-2},{"first":933,"second":32,"amount":-2},{"first":933,"second":46,"amount":-5},{"first":933,"second":44,"amount":-5},{"first":933,"second":58,"amount":-4},{"first":933,"second":59,"amount":-4},{"first":933,"second":45,"amount":-5},{"first":933,"second":966,"amount":-4},{"first":933,"second":913,"amount":-7},{"first":933,"second":916,"amount":-5},{"first":933,"second":920,"amount":-4},{"first":933,"second":923,"amount":-7},{"first":933,"second":927,"amount":-4},{"first":933,"second":934,"amount":-5},{"first":933,"second":937,"amount":-4},{"first":933,"second":945,"amount":-4},{"first":933,"second":947,"amount":-4},{"first":933,"second":948,"amount":-3},{"first":933,"second":951,"amount":-2},{"first":933,"second":953,"amount":-2},{"first":933,"second":954,"amount":-3},{"first":933,"second":956,"amount":-3},{"first":933,"second":959,"amount":-4},{"first":933,"second":963,"amount":-5},{"first":934,"second":913,"amount":-2},{"first":934,"second":933,"amount":-3},{"first":935,"second":969,"amount":-1},{"first":936,"second":966,"amount":-3},{"first":936,"second":945,"amount":-3},{"first":936,"second":948,"amount":-3},{"first":936,"second":952,"amount":-1},{"first":936,"second":959,"amount":-3},{"first":936,"second":963,"amount":-3},{"first":936,"second":969,"amount":-3},{"first":937,"second":933,"amount":-2},{"first":947,"second":949,"amount":-1},{"first":950,"second":966,"amount":-2},{"first":950,"second":945,"amount":-2},{"first":950,"second":947,"amount":-2},{"first":950,"second":948,"amount":-2},{"first":950,"second":951,"amount":-2},{"first":950,"second":952,"amount":-2},{"first":950,"second":953,"amount":-2},{"first":950,"second":954,"amount":-1},{"first":950,"second":957,"amount":-2},{"first":950,"second":959,"amount":-2},{"first":950,"second":963,"amount":-2},{"first":950,"second":964,"amount":-3},{"first":950,"second":969,"amount":-2},{"first":954,"second":966,"amount":0},{"first":954,"second":945,"amount":0},{"first":954,"second":948,"amount":-1},{"first":954,"second":958,"amount":-1},{"first":954,"second":959,"amount":-1},{"first":954,"second":963,"amount":-1},{"first":954,"second":969,"amount":0},{"first":955,"second":951,"amount":0},{"first":955,"second":953,"amount":-1},{"first":955,"second":954,"amount":0},{"first":955,"second":957,"amount":-1},{"first":955,"second":965,"amount":-1},{"first":958,"second":966,"amount":-2},{"first":958,"second":945,"amount":-2},{"first":958,"second":948,"amount":-2},{"first":958,"second":950,"amount":-2},{"first":958,"second":958,"amount":-2},{"first":958,"second":959,"amount":-2},{"first":958,"second":963,"amount":-2},{"first":967,"second":966,"amount":-1},{"first":967,"second":945,"amount":-1},{"first":967,"second":948,"amount":-1},{"first":967,"second":959,"amount":-1},{"first":967,"second":963,"amount":-1},{"first":967,"second":969,"amount":-1}]}