{"pages":["timesnewromanpsitalicmt.png"],"chars":[{"id":77,"index":48,"char":"M","width":44,"height":32,"xoffset":-3,"yoffset":3,"xadvance":35,"chnl":15,"x":0,"y":0,"page":0},{"id":1046,"index":143,"char":"Ж","width":44,"height":32,"xoffset":-4,"yoffset":3,"xadvance":37,"chnl":15,"x":45,"y":0,"page":0},{"id":8482,"index":140,"char":"™","width":44,"height":21,"xoffset":-1,"yoffset":3,"xadvance":41,"chnl":15,"x":90,"y":0,"page":0},{"id":102,"index":73,"char":"f","width":31,"height":42,"xoffset":-9,"yoffset":2,"xadvance":12,"chnl":15,"x":135,"y":0,"page":0},{"id":223,"index":137,"char":"ß","width":32,"height":42,"xoffset":-9,"yoffset":2,"xadvance":21,"chnl":15,"x":90,"y":22,"page":0},{"id":8212,"index":165,"char":"—","width":42,"height":6,"xoffset":-2,"yoffset":20,"xadvance":37,"chnl":15,"x":0,"y":33,"page":0},{"id":40,"index":11,"char":"(","width":20,"height":42,"xoffset":1,"yoffset":2,"xadvance":14,"chnl":15,"x":43,"y":33,"page":0},{"id":41,"index":12,"char":")","width":20,"height":42,"xoffset":-7,"yoffset":2,"xadvance":14,"chnl":15,"x":64,"y":33,"page":0},{"id":123,"index":94,"char":"{","width":21,"height":42,"xoffset":3,"yoffset":2,"xadvance":17,"chnl":15,"x":0,"y":40,"page":0},{"id":125,"index":96,"char":"}","width":21,"height":42,"xoffset":-3,"yoffset":2,"xadvance":17,"chnl":15,"x":167,"y":0,"page":0},{"id":64,"index":35,"char":"@","width":40,"height":42,"xoffset":0,"yoffset":2,"xadvance":39,"chnl":15,"x":189,"y":0,"page":0},{"id":124,"index":95,"char":"|","width":6,"height":42,"xoffset":1,"yoffset":2,"xadvance":12,"chnl":15,"x":123,"y":22,"page":0},{"id":1058,"index":192,"char":"Т","width":32,"height":42,"xoffset":1,"yoffset":-6,"xadvance":30,"chnl":15,"x":230,"y":0,"page":0},{"id":1059,"index":190,"char":"У","width":32,"height":42,"xoffset":1,"yoffset":-6,"xadvance":30,"chnl":15,"x":263,"y":0,"page":0},{"id":1065,"index":195,"char":"Щ","width":34,"height":42,"xoffset":2,"yoffset":-6,"xadvance":30,"chnl":15,"x":296,"y":0,"page":0},{"id":1066,"index":193,"char":"Ъ","width":34,"height":42,"xoffset":2,"yoffset":-6,"xadvance":30,"chnl":15,"x":331,"y":0,"page":0},{"id":1101,"index":208,"char":"э","width":26,"height":42,"xoffset":-5,"yoffset":2,"xadvance":19,"chnl":15,"x":366,"y":0,"page":0},{"id":1102,"index":210,"char":"ю","width":28,"height":42,"xoffset":-7,"yoffset":2,"xadvance":21,"chnl":15,"x":393,"y":0,"page":0},{"id":1071,"index":137,"char":"Я","width":32,"height":42,"xoffset":-9,"yoffset":2,"xadvance":21,"chnl":15,"x":422,"y":0,"page":0},{"id":8225,"index":176,"char":"‡","width":26,"height":42,"xoffset":-3,"yoffset":2,"xadvance":21,"chnl":15,"x":455,"y":0,"page":0},{"id":81,"index":52,"char":"Q","width":32,"height":41,"xoffset":0,"yoffset":3,"xadvance":30,"chnl":15,"x":482,"y":0,"page":0},{"id":91,"index":62,"char":"[","width":24,"height":41,"xoffset":-2,"yoffset":3,"xadvance":16,"chnl":15,"x":515,"y":0,"page":0},{"id":93,"index":64,"char":"]","width":24,"height":41,"xoffset":-6,"yoffset":3,"xadvance":16,"chnl":15,"x":540,"y":0,"page":0},{"id":1040,"index":159,"char":"А","width":31,"height":41,"xoffset":-4,"yoffset":-6,"xadvance":26,"chnl":15,"x":565,"y":0,"page":0},{"id":1041,"index":183,"char":"Б","width":32,"height":41,"xoffset":-4,"yoffset":-6,"xadvance":26,"chnl":15,"x":597,"y":0,"page":0},{"id":1048,"index":185,"char":"И","width":32,"height":41,"xoffset":-3,"yoffset":-6,"xadvance":26,"chnl":15,"x":630,"y":0,"page":0},{"id":1049,"index":101,"char":"Й","width":32,"height":41,"xoffset":-3,"yoffset":-6,"xadvance":26,"chnl":15,"x":663,"y":0,"page":0},{"id":1052,"index":189,"char":"М","width":23,"height":41,"xoffset":-3,"yoffset":-6,"xadvance":14,"chnl":15,"x":696,"y":0,"page":0},{"id":1053,"index":186,"char":"Н","width":23,"height":41,"xoffset":-3,"yoffset":-6,"xadvance":14,"chnl":15,"x":720,"y":0,"page":0},{"id":1060,"index":191,"char":"Ф","width":32,"height":41,"xoffset":1,"yoffset":-5,"xadvance":30,"chnl":15,"x":744,"y":0,"page":0},{"id":1067,"index":194,"char":"Ы","width":34,"height":41,"xoffset":2,"yoffset":-5,"xadvance":30,"chnl":15,"x":777,"y":0,"page":0},{"id":1069,"index":207,"char":"Э","width":28,"height":41,"xoffset":2,"yoffset":-6,"xadvance":23,"chnl":15,"x":812,"y":0,"page":0},{"id":1103,"index":171,"char":"я","width":26,"height":41,"xoffset":-5,"yoffset":4,"xadvance":19,"chnl":15,"x":841,"y":0,"page":0},{"id":167,"index":134,"char":"§","width":25,"height":41,"xoffset":-2,"yoffset":2,"xadvance":21,"chnl":15,"x":868,"y":0,"page":0},{"id":8224,"index":130,"char":"†","width":21,"height":41,"xoffset":3,"yoffset":3,"xadvance":21,"chnl":15,"x":894,"y":0,"page":0},{"id":182,"index":136,"char":"¶","width":23,"height":41,"xoffset":-2,"yoffset":3,"xadvance":22,"chnl":15,"x":916,"y":0,"page":0},{"id":106,"index":77,"char":"j","width":23,"height":40,"xoffset":-9,"yoffset":4,"xadvance":12,"chnl":15,"x":940,"y":0,"page":0},{"id":214,"index":103,"char":"Ö","width":32,"height":40,"xoffset":1,"yoffset":-4,"xadvance":30,"chnl":15,"x":964,"y":0,"page":0},{"id":220,"index":104,"char":"Ü","width":34,"height":40,"xoffset":2,"yoffset":-4,"xadvance":30,"chnl":15,"x":940,"y":41,"page":0},{"id":1042,"index":181,"char":"В","width":32,"height":40,"xoffset":-4,"yoffset":-5,"xadvance":26,"chnl":15,"x":975,"y":41,"page":0},{"id":1043,"index":160,"char":"Г","width":34,"height":40,"xoffset":-4,"yoffset":-5,"xadvance":26,"chnl":15,"x":482,"y":42,"page":0},{"id":1047,"index":100,"char":"З","width":31,"height":40,"xoffset":1,"yoffset":3,"xadvance":28,"chnl":15,"x":130,"y":43,"page":0},{"id":1050,"index":182,"char":"К","width":32,"height":40,"xoffset":-3,"yoffset":-5,"xadvance":26,"chnl":15,"x":85,"y":65,"page":0},{"id":1054,"index":187,"char":"О","width":23,"height":40,"xoffset":-3,"yoffset":-5,"xadvance":14,"chnl":15,"x":997,"y":0,"page":0},{"id":1057,"index":102,"char":"С","width":37,"height":40,"xoffset":-3,"yoffset":-5,"xadvance":28,"chnl":15,"x":22,"y":76,"page":0},{"id":1061,"index":161,"char":"Х","width":32,"height":40,"xoffset":1,"yoffset":-5,"xadvance":30,"chnl":15,"x":162,"y":43,"page":0},{"id":1062,"index":103,"char":"Ц","width":32,"height":40,"xoffset":1,"yoffset":-4,"xadvance":30,"chnl":15,"x":195,"y":43,"page":0},{"id":1068,"index":104,"char":"Ь","width":34,"height":40,"xoffset":2,"yoffset":-4,"xadvance":30,"chnl":15,"x":228,"y":43,"page":0},{"id":72,"index":43,"char":"H","width":39,"height":32,"xoffset":-3,"yoffset":3,"xadvance":30,"chnl":15,"x":263,"y":43,"page":0},{"id":87,"index":58,"char":"W","width":39,"height":32,"xoffset":3,"yoffset":3,"xadvance":35,"chnl":15,"x":303,"y":43,"page":0},{"id":196,"index":98,"char":"Ä","width":34,"height":39,"xoffset":-4,"yoffset":-4,"xadvance":26,"chnl":15,"x":343,"y":43,"page":0},{"id":1044,"index":98,"char":"Д","width":34,"height":39,"xoffset":-4,"yoffset":-4,"xadvance":26,"chnl":15,"x":263,"y":76,"page":0},{"id":1045,"index":99,"char":"Е","width":32,"height":39,"xoffset":-4,"yoffset":-4,"xadvance":26,"chnl":15,"x":298,"y":76,"page":0},{"id":1051,"index":184,"char":"Л","width":32,"height":39,"xoffset":-3,"yoffset":-4,"xadvance":26,"chnl":15,"x":378,"y":43,"page":0},{"id":1055,"index":188,"char":"П","width":24,"height":39,"xoffset":-3,"yoffset":-4,"xadvance":14,"chnl":15,"x":60,"y":76,"page":0},{"id":88,"index":59,"char":"X","width":38,"height":32,"xoffset":-5,"yoffset":3,"xadvance":26,"chnl":15,"x":411,"y":43,"page":0},{"id":78,"index":49,"char":"N","width":37,"height":32,"xoffset":-3,"yoffset":3,"xadvance":28,"chnl":15,"x":411,"y":76,"page":0},{"id":75,"index":46,"char":"K","width":36,"height":32,"xoffset":-3,"yoffset":3,"xadvance":28,"chnl":15,"x":331,"y":83,"page":0},{"id":36,"index":7,"char":"$","width":23,"height":36,"xoffset":0,"yoffset":2,"xadvance":21,"chnl":15,"x":450,"y":43,"page":0},{"id":68,"index":39,"char":"D","width":35,"height":32,"xoffset":-3,"yoffset":3,"xadvance":30,"chnl":15,"x":368,"y":83,"page":0},{"id":37,"index":8,"char":"%","width":35,"height":34,"xoffset":1,"yoffset":3,"xadvance":35,"chnl":15,"x":118,"y":84,"page":0},{"id":1056,"index":205,"char":"Р","width":35,"height":32,"xoffset":-3,"yoffset":3,"xadvance":30,"chnl":15,"x":60,"y":116,"page":0},{"id":98,"index":69,"char":"b","width":23,"height":34,"xoffset":-1,"yoffset":2,"xadvance":21,"chnl":15,"x":449,"y":80,"page":0},{"id":100,"index":71,"char":"d","width":26,"height":34,"xoffset":-1,"yoffset":2,"xadvance":21,"chnl":15,"x":404,"y":109,"page":0},{"id":104,"index":75,"char":"h","width":22,"height":34,"xoffset":-1,"yoffset":2,"xadvance":21,"chnl":15,"x":0,"y":117,"page":0},{"id":107,"index":78,"char":"k","width":24,"height":34,"xoffset":-2,"yoffset":2,"xadvance":19,"chnl":15,"x":23,"y":117,"page":0},{"id":108,"index":79,"char":"l","width":15,"height":34,"xoffset":0,"yoffset":2,"xadvance":12,"chnl":15,"x":1008,"y":41,"page":0},{"id":85,"index":56,"char":"U","width":34,"height":32,"xoffset":2,"yoffset":3,"xadvance":30,"chnl":15,"x":154,"y":84,"page":0},{"id":92,"index":63,"char":"\\","width":9,"height":34,"xoffset":2,"yoffset":2,"xadvance":12,"chnl":15,"x":22,"y":40,"page":0},{"id":47,"index":18,"char":"/","width":21,"height":34,"xoffset":-3,"yoffset":2,"xadvance":12,"chnl":15,"x":96,"y":106,"page":0},{"id":1077,"index":110,"char":"е","width":23,"height":34,"xoffset":-1,"yoffset":2,"xadvance":21,"chnl":15,"x":189,"y":84,"page":0},{"id":1088,"index":206,"char":"р","width":23,"height":34,"xoffset":-1,"yoffset":2,"xadvance":21,"chnl":15,"x":154,"y":117,"page":0},{"id":1064,"index":144,"char":"Ш","width":33,"height":34,"xoffset":-1,"yoffset":2,"xadvance":30,"chnl":15,"x":118,"y":119,"page":0},{"id":189,"index":215,"char":"½","width":30,"height":34,"xoffset":1,"yoffset":3,"xadvance":32,"chnl":15,"x":213,"y":84,"page":0},{"id":188,"index":216,"char":"¼","width":30,"height":34,"xoffset":1,"yoffset":3,"xadvance":32,"chnl":15,"x":48,"y":149,"page":0},{"id":190,"index":217,"char":"¾","width":31,"height":34,"xoffset":1,"yoffset":3,"xadvance":32,"chnl":15,"x":79,"y":149,"page":0},{"id":67,"index":38,"char":"C","width":31,"height":33,"xoffset":1,"yoffset":3,"xadvance":28,"chnl":15,"x":0,"y":152,"page":0},{"id":70,"index":41,"char":"F","width":33,"height":32,"xoffset":-3,"yoffset":3,"xadvance":26,"chnl":15,"x":244,"y":116,"page":0},{"id":71,"index":42,"char":"G","width":32,"height":33,"xoffset":1,"yoffset":3,"xadvance":30,"chnl":15,"x":178,"y":119,"page":0},{"id":79,"index":50,"char":"O","width":32,"height":33,"xoffset":1,"yoffset":3,"xadvance":30,"chnl":15,"x":211,"y":119,"page":0},{"id":83,"index":54,"char":"S","width":26,"height":33,"xoffset":-2,"yoffset":3,"xadvance":21,"chnl":15,"x":278,"y":116,"page":0},{"id":48,"index":19,"char":"0","width":22,"height":33,"xoffset":1,"yoffset":3,"xadvance":21,"chnl":15,"x":152,"y":152,"page":0},{"id":51,"index":22,"char":"3","width":22,"height":33,"xoffset":-1,"yoffset":3,"xadvance":21,"chnl":15,"x":244,"y":149,"page":0},{"id":54,"index":25,"char":"6","width":23,"height":33,"xoffset":1,"yoffset":3,"xadvance":21,"chnl":15,"x":111,"y":154,"page":0},{"id":56,"index":27,"char":"8","width":23,"height":33,"xoffset":0,"yoffset":3,"xadvance":21,"chnl":15,"x":175,"y":153,"page":0},{"id":57,"index":28,"char":"9","width":23,"height":33,"xoffset":-1,"yoffset":3,"xadvance":21,"chnl":15,"x":135,"y":186,"page":0},{"id":33,"index":4,"char":"!","width":14,"height":33,"xoffset":1,"yoffset":3,"xadvance":14,"chnl":15,"x":0,"y":83,"page":0},{"id":63,"index":34,"char":"?","width":19,"height":33,"xoffset":2,"yoffset":3,"xadvance":21,"chnl":15,"x":199,"y":153,"page":0},{"id":35,"index":6,"char":"#","width":23,"height":33,"xoffset":-1,"yoffset":3,"xadvance":21,"chnl":15,"x":219,"y":153,"page":0},{"id":38,"index":9,"char":"&","width":33,"height":33,"xoffset":0,"yoffset":3,"xadvance":33,"chnl":15,"x":32,"y":184,"page":0},{"id":1072,"index":106,"char":"а","width":23,"height":33,"xoffset":-1,"yoffset":2,"xadvance":21,"chnl":15,"x":0,"y":186,"page":0},{"id":1073,"index":105,"char":"б","width":23,"height":33,"xoffset":-1,"yoffset":2,"xadvance":21,"chnl":15,"x":66,"y":184,"page":0},{"id":1074,"index":107,"char":"в","width":23,"height":33,"xoffset":-1,"yoffset":3,"xadvance":21,"chnl":15,"x":90,"y":188,"page":0},{"id":1075,"index":109,"char":"г","width":24,"height":33,"xoffset":-1,"yoffset":3,"xadvance":21,"chnl":15,"x":24,"y":218,"page":0},{"id":1080,"index":113,"char":"и","width":21,"height":33,"xoffset":-1,"yoffset":2,"xadvance":19,"chnl":15,"x":0,"y":220,"page":0},{"id":1081,"index":112,"char":"й","width":21,"height":33,"xoffset":-1,"yoffset":2,"xadvance":19,"chnl":15,"x":49,"y":218,"page":0},{"id":1082,"index":114,"char":"к","width":21,"height":33,"xoffset":-1,"yoffset":3,"xadvance":19,"chnl":15,"x":305,"y":116,"page":0},{"id":1084,"index":117,"char":"м","width":14,"height":33,"xoffset":0,"yoffset":2,"xadvance":12,"chnl":15,"x":159,"y":186,"page":0},{"id":1085,"index":116,"char":"н","width":16,"height":33,"xoffset":0,"yoffset":2,"xadvance":12,"chnl":15,"x":1008,"y":76,"page":0},{"id":1086,"index":118,"char":"о","width":17,"height":33,"xoffset":0,"yoffset":3,"xadvance":12,"chnl":15,"x":431,"y":109,"page":0},{"id":1089,"index":120,"char":"с","width":24,"height":33,"xoffset":-1,"yoffset":3,"xadvance":21,"chnl":15,"x":327,"y":116,"page":0},{"id":1090,"index":122,"char":"т","width":22,"height":33,"xoffset":-1,"yoffset":2,"xadvance":21,"chnl":15,"x":352,"y":116,"page":0},{"id":1091,"index":121,"char":"у","width":22,"height":33,"xoffset":-1,"yoffset":2,"xadvance":21,"chnl":15,"x":375,"y":116,"page":0},{"id":1092,"index":123,"char":"ф","width":22,"height":33,"xoffset":-1,"yoffset":3,"xadvance":21,"chnl":15,"x":517,"y":42,"page":0},{"id":1093,"index":125,"char":"х","width":23,"height":33,"xoffset":-1,"yoffset":3,"xadvance":21,"chnl":15,"x":540,"y":42,"page":0},{"id":1097,"index":127,"char":"щ","width":23,"height":33,"xoffset":-1,"yoffset":2,"xadvance":21,"chnl":15,"x":564,"y":42,"page":0},{"id":1098,"index":126,"char":"ъ","width":23,"height":33,"xoffset":-1,"yoffset":2,"xadvance":21,"chnl":15,"x":588,"y":42,"page":0},{"id":1099,"index":128,"char":"ы","width":23,"height":33,"xoffset":-1,"yoffset":3,"xadvance":21,"chnl":15,"x":612,"y":42,"page":0},{"id":169,"index":139,"char":"©","width":33,"height":33,"xoffset":-1,"yoffset":3,"xadvance":32,"chnl":15,"x":636,"y":42,"page":0},{"id":174,"index":138,"char":"®","width":33,"height":33,"xoffset":-1,"yoffset":3,"xadvance":32,"chnl":15,"x":670,"y":42,"page":0},{"id":65,"index":36,"char":"A","width":29,"height":32,"xoffset":-4,"yoffset":3,"xadvance":26,"chnl":15,"x":704,"y":42,"page":0},{"id":66,"index":37,"char":"B","width":30,"height":32,"xoffset":-3,"yoffset":3,"xadvance":26,"chnl":15,"x":734,"y":42,"page":0},{"id":69,"index":40,"char":"E","width":32,"height":32,"xoffset":-3,"yoffset":3,"xadvance":26,"chnl":15,"x":765,"y":42,"page":0},{"id":103,"index":74,"char":"g","width":27,"height":32,"xoffset":-3,"yoffset":12,"xadvance":21,"chnl":15,"x":798,"y":42,"page":0},{"id":73,"index":44,"char":"I","width":23,"height":32,"xoffset":-3,"yoffset":3,"xadvance":14,"chnl":15,"x":826,"y":42,"page":0},{"id":74,"index":45,"char":"J","width":28,"height":32,"xoffset":-3,"yoffset":3,"xadvance":19,"chnl":15,"x":850,"y":42,"page":0},{"id":76,"index":47,"char":"L","width":27,"height":32,"xoffset":-3,"yoffset":3,"xadvance":23,"chnl":15,"x":879,"y":42,"page":0},{"id":109,"index":80,"char":"m","width":32,"height":23,"xoffset":-1,"yoffset":12,"xadvance":30,"chnl":15,"x":907,"y":42,"page":0},{"id":80,"index":51,"char":"P","width":31,"height":32,"xoffset":-3,"yoffset":3,"xadvance":26,"chnl":15,"x":907,"y":66,"page":0},{"id":112,"index":83,"char":"p","width":28,"height":32,"xoffset":-7,"yoffset":12,"xadvance":21,"chnl":15,"x":939,"y":82,"page":0},{"id":113,"index":84,"char":"q","width":23,"height":32,"xoffset":-1,"yoffset":12,"xadvance":21,"chnl":15,"x":968,"y":82,"page":0},{"id":82,"index":53,"char":"R","width":29,"height":32,"xoffset":-3,"yoffset":3,"xadvance":26,"chnl":15,"x":992,"y":110,"page":0},{"id":84,"index":55,"char":"T","width":28,"height":32,"xoffset":1,"yoffset":3,"xadvance":23,"chnl":15,"x":704,"y":75,"page":0},{"id":86,"index":57,"char":"V","width":29,"height":32,"xoffset":3,"yoffset":3,"xadvance":26,"chnl":15,"x":733,"y":75,"page":0},{"id":89,"index":60,"char":"Y","width":28,"height":32,"xoffset":2,"yoffset":3,"xadvance":23,"chnl":15,"x":763,"y":75,"page":0},{"id":121,"index":92,"char":"y","width":26,"height":32,"xoffset":-5,"yoffset":12,"xadvance":19,"chnl":15,"x":792,"y":75,"page":0},{"id":90,"index":61,"char":"Z","width":30,"height":32,"xoffset":-2,"yoffset":3,"xadvance":23,"chnl":15,"x":819,"y":75,"page":0},{"id":228,"index":108,"char":"ä","width":24,"height":32,"xoffset":-1,"yoffset":4,"xadvance":21,"chnl":15,"x":850,"y":75,"page":0},{"id":246,"index":124,"char":"ö","width":24,"height":32,"xoffset":-1,"yoffset":4,"xadvance":21,"chnl":15,"x":875,"y":75,"page":0},{"id":252,"index":129,"char":"ü","width":23,"height":32,"xoffset":-1,"yoffset":4,"xadvance":21,"chnl":15,"x":900,"y":99,"page":0},{"id":49,"index":20,"char":"1","width":19,"height":32,"xoffset":1,"yoffset":3,"xadvance":21,"chnl":15,"x":114,"y":188,"page":0},{"id":50,"index":21,"char":"2","width":23,"height":32,"xoffset":-1,"yoffset":3,"xadvance":21,"chnl":15,"x":924,"y":115,"page":0},{"id":52,"index":23,"char":"4","width":23,"height":32,"xoffset":-1,"yoffset":3,"xadvance":21,"chnl":15,"x":948,"y":115,"page":0},{"id":53,"index":24,"char":"5","width":23,"height":32,"xoffset":-1,"yoffset":3,"xadvance":21,"chnl":15,"x":972,"y":143,"page":0},{"id":55,"index":26,"char":"7","width":21,"height":32,"xoffset":3,"yoffset":3,"xadvance":21,"chnl":15,"x":996,"y":143,"page":0},{"id":1076,"index":108,"char":"д","width":24,"height":32,"xoffset":-1,"yoffset":4,"xadvance":21,"chnl":15,"x":517,"y":76,"page":0},{"id":1083,"index":115,"char":"л","width":22,"height":32,"xoffset":-1,"yoffset":4,"xadvance":19,"chnl":15,"x":473,"y":83,"page":0},{"id":1087,"index":119,"char":"п","width":18,"height":32,"xoffset":0,"yoffset":4,"xadvance":12,"chnl":15,"x":71,"y":218,"page":0},{"id":1094,"index":124,"char":"ц","width":24,"height":32,"xoffset":-1,"yoffset":4,"xadvance":21,"chnl":15,"x":542,"y":76,"page":0},{"id":1100,"index":129,"char":"ь","width":23,"height":32,"xoffset":-1,"yoffset":4,"xadvance":21,"chnl":15,"x":449,"y":115,"page":0},{"id":1070,"index":209,"char":"Ю","width":30,"height":32,"xoffset":-3,"yoffset":3,"xadvance":26,"chnl":15,"x":398,"y":144,"page":0},{"id":105,"index":76,"char":"i","width":14,"height":31,"xoffset":0,"yoffset":4,"xadvance":12,"chnl":15,"x":244,"y":84,"page":0},{"id":119,"index":90,"char":"w","width":31,"height":23,"xoffset":-1,"yoffset":12,"xadvance":28,"chnl":15,"x":267,"y":150,"page":0},{"id":181,"index":147,"char":"µ","width":27,"height":31,"xoffset":-3,"yoffset":13,"xadvance":24,"chnl":15,"x":299,"y":150,"page":0},{"id":8230,"index":158,"char":"…","width":30,"height":9,"xoffset":3,"yoffset":27,"xadvance":37,"chnl":15,"x":267,"y":174,"page":0},{"id":1025,"index":0,"char":"Ё","width":25,"height":30,"xoffset":3,"yoffset":5,"xadvance":33,"chnl":15,"x":327,"y":150,"page":0},{"id":1105,"index":0,"char":"ё","width":25,"height":30,"xoffset":3,"yoffset":5,"xadvance":33,"chnl":15,"x":353,"y":150,"page":0},{"id":1078,"index":150,"char":"ж","width":30,"height":23,"xoffset":-1,"yoffset":12,"xadvance":28,"chnl":15,"x":567,"y":76,"page":0},{"id":1079,"index":111,"char":"з","width":21,"height":30,"xoffset":-1,"yoffset":12,"xadvance":19,"chnl":15,"x":243,"y":183,"page":0},{"id":1168,"index":0,"char":"Ґ","width":25,"height":30,"xoffset":3,"yoffset":5,"xadvance":33,"chnl":15,"x":174,"y":187,"page":0},{"id":1169,"index":0,"char":"ґ","width":25,"height":30,"xoffset":3,"yoffset":5,"xadvance":33,"chnl":15,"x":200,"y":187,"page":0},{"id":1028,"index":0,"char":"Є","width":25,"height":30,"xoffset":3,"yoffset":5,"xadvance":33,"chnl":15,"x":598,"y":76,"page":0},{"id":1108,"index":0,"char":"є","width":25,"height":30,"xoffset":3,"yoffset":5,"xadvance":33,"chnl":15,"x":567,"y":100,"page":0},{"id":1030,"index":0,"char":"І","width":25,"height":30,"xoffset":3,"yoffset":5,"xadvance":33,"chnl":15,"x":496,"y":109,"page":0},{"id":1110,"index":0,"char":"і","width":25,"height":30,"xoffset":3,"yoffset":5,"xadvance":33,"chnl":15,"x":522,"y":109,"page":0},{"id":1031,"index":0,"char":"Ї","width":25,"height":30,"xoffset":3,"yoffset":5,"xadvance":33,"chnl":15,"x":624,"y":76,"page":0},{"id":1111,"index":0,"char":"ї","width":25,"height":30,"xoffset":3,"yoffset":5,"xadvance":33,"chnl":15,"x":650,"y":76,"page":0},{"id":8242,"index":0,"char":"′","width":25,"height":30,"xoffset":3,"yoffset":5,"xadvance":33,"chnl":15,"x":676,"y":76,"page":0},{"id":8243,"index":0,"char":"″","width":25,"height":30,"xoffset":3,"yoffset":5,"xadvance":33,"chnl":15,"x":593,"y":107,"page":0},{"id":8722,"index":0,"char":"−","width":25,"height":30,"xoffset":3,"yoffset":5,"xadvance":33,"chnl":15,"x":548,"y":131,"page":0},{"id":8800,"index":0,"char":"≠","width":25,"height":30,"xoffset":3,"yoffset":5,"xadvance":33,"chnl":15,"x":473,"y":140,"page":0},{"id":8776,"index":0,"char":"≈","width":25,"height":30,"xoffset":3,"yoffset":5,"xadvance":33,"chnl":15,"x":429,"y":148,"page":0},{"id":8804,"index":0,"char":"≤","width":25,"height":30,"xoffset":3,"yoffset":5,"xadvance":33,"chnl":15,"x":499,"y":140,"page":0},{"id":8805,"index":0,"char":"≥","width":25,"height":30,"xoffset":3,"yoffset":5,"xadvance":33,"chnl":15,"x":379,"y":177,"page":0},{"id":8734,"index":0,"char":"∞","width":25,"height":30,"xoffset":3,"yoffset":5,"xadvance":33,"chnl":15,"x":327,"y":181,"page":0},{"id":8730,"index":0,"char":"√","width":25,"height":30,"xoffset":3,"yoffset":5,"xadvance":33,"chnl":15,"x":353,"y":181,"page":0},{"id":8721,"index":0,"char":"∑","width":25,"height":30,"xoffset":3,"yoffset":5,"xadvance":33,"chnl":15,"x":298,"y":182,"page":0},{"id":8747,"index":0,"char":"∫","width":25,"height":30,"xoffset":3,"yoffset":5,"xadvance":33,"chnl":15,"x":265,"y":184,"page":0},{"id":8706,"index":0,"char":"∂","width":25,"height":30,"xoffset":3,"yoffset":5,"xadvance":33,"chnl":15,"x":226,"y":214,"page":0},{"id":8710,"index":0,"char":"∆","width":25,"height":30,"xoffset":3,"yoffset":5,"xadvance":33,"chnl":15,"x":174,"y":218,"page":0},{"id":8711,"index":0,"char":"∇","width":25,"height":30,"xoffset":3,"yoffset":5,"xadvance":33,"chnl":15,"x":200,"y":218,"page":0},{"id":960,"index":0,"char":"π","width":25,"height":30,"xoffset":3,"yoffset":5,"xadvance":33,"chnl":15,"x":134,"y":220,"page":0},{"id":966,"index":0,"char":"φ","width":25,"height":30,"xoffset":3,"yoffset":5,"xadvance":33,"chnl":15,"x":90,"y":222,"page":0},{"id":8712,"index":0,"char":"∈","width":25,"height":30,"xoffset":3,"yoffset":5,"xadvance":33,"chnl":15,"x":22,"y":252,"page":0},{"id":8713,"index":0,"char":"∉","width":25,"height":30,"xoffset":3,"yoffset":5,"xadvance":33,"chnl":15,"x":48,"y":252,"page":0},{"id":8746,"index":0,"char":"∪","width":25,"height":30,"xoffset":3,"yoffset":5,"xadvance":33,"chnl":15,"x":619,"y":107,"page":0},{"id":8745,"index":0,"char":"∩","width":25,"height":30,"xoffset":3,"yoffset":5,"xadvance":33,"chnl":15,"x":645,"y":107,"page":0},{"id":8709,"index":0,"char":"∅","width":25,"height":30,"xoffset":3,"yoffset":5,"xadvance":33,"chnl":15,"x":671,"y":107,"page":0},{"id":8743,"index":0,"char":"∧","width":25,"height":30,"xoffset":3,"yoffset":5,"xadvance":33,"chnl":15,"x":697,"y":108,"page":0},{"id":8744,"index":0,"char":"∨","width":25,"height":30,"xoffset":3,"yoffset":5,"xadvance":33,"chnl":15,"x":574,"y":138,"page":0},{"id":8834,"index":0,"char":"⊂","width":25,"height":30,"xoffset":3,"yoffset":5,"xadvance":33,"chnl":15,"x":525,"y":162,"page":0},{"id":8835,"index":0,"char":"⊃","width":25,"height":30,"xoffset":3,"yoffset":5,"xadvance":33,"chnl":15,"x":455,"y":171,"page":0},{"id":8838,"index":0,"char":"⊆","width":25,"height":30,"xoffset":3,"yoffset":5,"xadvance":33,"chnl":15,"x":481,"y":171,"page":0},{"id":8839,"index":0,"char":"⊇","width":25,"height":30,"xoffset":3,"yoffset":5,"xadvance":33,"chnl":15,"x":405,"y":179,"page":0},{"id":8704,"index":0,"char":"∀","width":25,"height":30,"xoffset":3,"yoffset":5,"xadvance":33,"chnl":15,"x":379,"y":208,"page":0},{"id":8707,"index":0,"char":"∃","width":25,"height":30,"xoffset":3,"yoffset":5,"xadvance":33,"chnl":15,"x":324,"y":212,"page":0},{"id":8756,"index":0,"char":"∴","width":25,"height":30,"xoffset":3,"yoffset":5,"xadvance":33,"chnl":15,"x":350,"y":212,"page":0},{"id":8757,"index":0,"char":"∵","width":25,"height":30,"xoffset":3,"yoffset":5,"xadvance":33,"chnl":15,"x":291,"y":213,"page":0},{"id":8723,"index":0,"char":"∓","width":25,"height":30,"xoffset":3,"yoffset":5,"xadvance":33,"chnl":15,"x":252,"y":215,"page":0},{"id":8901,"index":0,"char":"⋅","width":25,"height":30,"xoffset":3,"yoffset":5,"xadvance":33,"chnl":15,"x":226,"y":245,"page":0},{"id":8728,"index":0,"char":"∘","width":25,"height":30,"xoffset":3,"yoffset":5,"xadvance":33,"chnl":15,"x":160,"y":249,"page":0},{"id":8594,"index":0,"char":"→","width":25,"height":30,"xoffset":3,"yoffset":5,"xadvance":33,"chnl":15,"x":186,"y":249,"page":0},{"id":8592,"index":0,"char":"←","width":25,"height":30,"xoffset":3,"yoffset":5,"xadvance":33,"chnl":15,"x":116,"y":251,"page":0},{"id":8658,"index":0,"char":"⇒","width":25,"height":30,"xoffset":3,"yoffset":5,"xadvance":33,"chnl":15,"x":74,"y":253,"page":0},{"id":8660,"index":0,"char":"⇔","width":25,"height":30,"xoffset":3,"yoffset":5,"xadvance":33,"chnl":15,"x":0,"y":283,"page":0},{"id":8596,"index":0,"char":"↔","width":25,"height":30,"xoffset":3,"yoffset":5,"xadvance":33,"chnl":15,"x":26,"y":283,"page":0},{"id":65039,"index":0,"char":"️","width":25,"height":30,"xoffset":3,"yoffset":5,"xadvance":33,"chnl":15,"x":600,"y":138,"page":0},{"id":913,"index":0,"char":"Α","width":25,"height":30,"xoffset":3,"yoffset":5,"xadvance":33,"chnl":15,"x":626,"y":138,"page":0},{"id":914,"index":0,"char":"Β","width":25,"height":30,"xoffset":3,"yoffset":5,"xadvance":33,"chnl":15,"x":652,"y":138,"page":0},{"id":915,"index":0,"char":"Γ","width":25,"height":30,"xoffset":3,"yoffset":5,"xadvance":33,"chnl":15,"x":723,"y":108,"page":0},{"id":916,"index":0,"char":"Δ","width":25,"height":30,"xoffset":3,"yoffset":5,"xadvance":33,"chnl":15,"x":749,"y":108,"page":0},{"id":917,"index":0,"char":"Ε","width":25,"height":30,"xoffset":3,"yoffset":5,"xadvance":33,"chnl":15,"x":775,"y":108,"page":0},{"id":918,"index":0,"char":"Ζ","width":25,"height":30,"xoffset":3,"yoffset":5,"xadvance":33,"chnl":15,"x":801,"y":108,"page":0},{"id":919,"index":0,"char":"Η","width":25,"height":30,"xoffset":3,"yoffset":5,"xadvance":33,"chnl":15,"x":827,"y":108,"page":0},{"id":920,"index":0,"char":"Θ","width":25,"height":30,"xoffset":3,"yoffset":5,"xadvance":33,"chnl":15,"x":853,"y":108,"page":0},{"id":921,"index":0,"char":"Ι","width":25,"height":30,"xoffset":3,"yoffset":5,"xadvance":33,"chnl":15,"x":879,"y":132,"page":0},{"id":922,"index":0,"char":"Κ","width":25,"height":30,"xoffset":3,"yoffset":5,"xadvance":33,"chnl":15,"x":905,"y":148,"page":0},{"id":923,"index":0,"char":"Λ","width":25,"height":30,"xoffset":3,"yoffset":5,"xadvance":33,"chnl":15,"x":931,"y":148,"page":0},{"id":924,"index":0,"char":"Μ","width":25,"height":30,"xoffset":3,"yoffset":5,"xadvance":33,"chnl":15,"x":957,"y":176,"page":0},{"id":925,"index":0,"char":"Ν","width":25,"height":30,"xoffset":3,"yoffset":5,"xadvance":33,"chnl":15,"x":983,"y":176,"page":0},{"id":926,"index":0,"char":"Ξ","width":25,"height":30,"xoffset":3,"yoffset":5,"xadvance":33,"chnl":15,"x":678,"y":139,"page":0},{"id":927,"index":0,"char":"Ο","width":25,"height":30,"xoffset":3,"yoffset":5,"xadvance":33,"chnl":15,"x":551,"y":169,"page":0},{"id":928,"index":0,"char":"Π","width":25,"height":30,"xoffset":3,"yoffset":5,"xadvance":33,"chnl":15,"x":507,"y":193,"page":0},{"id":929,"index":0,"char":"Ρ","width":25,"height":30,"xoffset":3,"yoffset":5,"xadvance":33,"chnl":15,"x":431,"y":202,"page":0},{"id":931,"index":0,"char":"Σ","width":25,"height":30,"xoffset":3,"yoffset":5,"xadvance":33,"chnl":15,"x":405,"y":210,"page":0},{"id":932,"index":0,"char":"Τ","width":25,"height":30,"xoffset":3,"yoffset":5,"xadvance":33,"chnl":15,"x":376,"y":239,"page":0},{"id":933,"index":0,"char":"Υ","width":25,"height":30,"xoffset":3,"yoffset":5,"xadvance":33,"chnl":15,"x":457,"y":202,"page":0},{"id":934,"index":0,"char":"Φ","width":25,"height":30,"xoffset":3,"yoffset":5,"xadvance":33,"chnl":15,"x":317,"y":243,"page":0},{"id":935,"index":0,"char":"Χ","width":25,"height":30,"xoffset":3,"yoffset":5,"xadvance":33,"chnl":15,"x":343,"y":243,"page":0},{"id":936,"index":0,"char":"Ψ","width":25,"height":30,"xoffset":3,"yoffset":5,"xadvance":33,"chnl":15,"x":278,"y":244,"page":0},{"id":937,"index":0,"char":"Ω","width":25,"height":30,"xoffset":3,"yoffset":5,"xadvance":33,"chnl":15,"x":252,"y":246,"page":0},{"id":945,"index":0,"char":"α","width":25,"height":30,"xoffset":3,"yoffset":5,"xadvance":33,"chnl":15,"x":212,"y":276,"page":0},{"id":946,"index":0,"char":"β","width":25,"height":30,"xoffset":3,"yoffset":5,"xadvance":33,"chnl":15,"x":142,"y":280,"page":0},{"id":947,"index":0,"char":"γ","width":25,"height":30,"xoffset":3,"yoffset":5,"xadvance":33,"chnl":15,"x":100,"y":282,"page":0},{"id":948,"index":0,"char":"δ","width":25,"height":30,"xoffset":3,"yoffset":5,"xadvance":33,"chnl":15,"x":168,"y":280,"page":0},{"id":949,"index":0,"char":"ε","width":25,"height":30,"xoffset":3,"yoffset":5,"xadvance":33,"chnl":15,"x":52,"y":284,"page":0},{"id":950,"index":0,"char":"ζ","width":25,"height":30,"xoffset":3,"yoffset":5,"xadvance":33,"chnl":15,"x":0,"y":314,"page":0},{"id":951,"index":0,"char":"η","width":25,"height":30,"xoffset":3,"yoffset":5,"xadvance":33,"chnl":15,"x":26,"y":314,"page":0},{"id":952,"index":0,"char":"θ","width":25,"height":30,"xoffset":3,"yoffset":5,"xadvance":33,"chnl":15,"x":577,"y":169,"page":0},{"id":953,"index":0,"char":"ι","width":25,"height":30,"xoffset":3,"yoffset":5,"xadvance":33,"chnl":15,"x":603,"y":169,"page":0},{"id":954,"index":0,"char":"κ","width":25,"height":30,"xoffset":3,"yoffset":5,"xadvance":33,"chnl":15,"x":629,"y":169,"page":0},{"id":955,"index":0,"char":"λ","width":25,"height":30,"xoffset":3,"yoffset":5,"xadvance":33,"chnl":15,"x":704,"y":139,"page":0},{"id":956,"index":0,"char":"μ","width":25,"height":30,"xoffset":3,"yoffset":5,"xadvance":33,"chnl":15,"x":730,"y":139,"page":0},{"id":957,"index":0,"char":"ν","width":25,"height":30,"xoffset":3,"yoffset":5,"xadvance":33,"chnl":15,"x":756,"y":139,"page":0},{"id":958,"index":0,"char":"ξ","width":25,"height":30,"xoffset":3,"yoffset":5,"xadvance":33,"chnl":15,"x":782,"y":139,"page":0},{"id":959,"index":0,"char":"ο","width":25,"height":30,"xoffset":3,"yoffset":5,"xadvance":33,"chnl":15,"x":808,"y":139,"page":0},{"id":961,"index":0,"char":"ρ","width":25,"height":30,"xoffset":3,"yoffset":5,"xadvance":33,"chnl":15,"x":834,"y":139,"page":0},{"id":963,"index":0,"char":"σ","width":25,"height":30,"xoffset":3,"yoffset":5,"xadvance":33,"chnl":15,"x":860,"y":163,"page":0},{"id":964,"index":0,"char":"τ","width":25,"height":30,"xoffset":3,"yoffset":5,"xadvance":33,"chnl":15,"x":886,"y":179,"page":0},{"id":965,"index":0,"char":"υ","width":25,"height":30,"xoffset":3,"yoffset":5,"xadvance":33,"chnl":15,"x":912,"y":179,"page":0},{"id":967,"index":0,"char":"χ","width":25,"height":30,"xoffset":3,"yoffset":5,"xadvance":33,"chnl":15,"x":938,"y":207,"page":0},{"id":968,"index":0,"char":"ψ","width":25,"height":30,"xoffset":3,"yoffset":5,"xadvance":33,"chnl":15,"x":964,"y":207,"page":0},{"id":969,"index":0,"char":"ω","width":25,"height":30,"xoffset":3,"yoffset":5,"xadvance":33,"chnl":15,"x":990,"y":207,"page":0},{"id":8719,"index":0,"char":"∏","width":25,"height":30,"xoffset":3,"yoffset":5,"xadvance":33,"chnl":15,"x":655,"y":170,"page":0},{"id":9825,"index":0,"char":"♡","width":25,"height":30,"xoffset":3,"yoffset":5,"xadvance":33,"chnl":15,"x":533,"y":200,"page":0},{"id":9829,"index":0,"char":"♥","width":25,"height":30,"xoffset":3,"yoffset":5,"xadvance":33,"chnl":15,"x":483,"y":224,"page":0},{"id":55357,"index":0,"char":"💜","width":25,"height":30,"xoffset":3,"yoffset":5,"xadvance":33,"chnl":15,"x":431,"y":233,"page":0},{"id":9786,"index":0,"char":"☺","width":25,"height":30,"xoffset":3,"yoffset":5,"xadvance":33,"chnl":15,"x":457,"y":233,"page":0},{"id":9787,"index":0,"char":"☻","width":25,"height":30,"xoffset":3,"yoffset":5,"xadvance":33,"chnl":15,"x":402,"y":241,"page":0},{"id":10032,"index":0,"char":"✰","width":25,"height":30,"xoffset":3,"yoffset":5,"xadvance":33,"chnl":15,"x":369,"y":270,"page":0},{"id":10048,"index":0,"char":"❀","width":25,"height":30,"xoffset":3,"yoffset":5,"xadvance":33,"chnl":15,"x":304,"y":274,"page":0},{"id":9745,"index":0,"char":"☑","width":25,"height":30,"xoffset":3,"yoffset":5,"xadvance":33,"chnl":15,"x":278,"y":275,"page":0},{"id":9775,"index":0,"char":"☯","width":25,"height":30,"xoffset":3,"yoffset":5,"xadvance":33,"chnl":15,"x":330,"y":274,"page":0},{"id":9752,"index":0,"char":"☘","width":25,"height":30,"xoffset":3,"yoffset":5,"xadvance":33,"chnl":15,"x":238,"y":277,"page":0},{"id":10999,"index":0,"char":"⫷","width":25,"height":30,"xoffset":3,"yoffset":5,"xadvance":33,"chnl":15,"x":194,"y":307,"page":0},{"id":11000,"index":0,"char":"⫸","width":25,"height":30,"xoffset":3,"yoffset":5,"xadvance":33,"chnl":15,"x":126,"y":311,"page":0},{"id":3844,"index":0,"char":"༄","width":25,"height":30,"xoffset":3,"yoffset":5,"xadvance":33,"chnl":15,"x":152,"y":311,"page":0},{"id":3845,"index":0,"char":"༅","width":25,"height":30,"xoffset":3,"yoffset":5,"xadvance":33,"chnl":15,"x":78,"y":313,"page":0},{"id":9749,"index":0,"char":"☕","width":25,"height":30,"xoffset":3,"yoffset":5,"xadvance":33,"chnl":15,"x":52,"y":315,"page":0},{"id":9728,"index":0,"char":"☀","width":25,"height":30,"xoffset":3,"yoffset":5,"xadvance":33,"chnl":15,"x":0,"y":345,"page":0},{"id":9788,"index":0,"char":"☼","width":25,"height":30,"xoffset":3,"yoffset":5,"xadvance":33,"chnl":15,"x":26,"y":345,"page":0},{"id":55348,"index":0,"char":"𝄞","width":25,"height":30,"xoffset":3,"yoffset":5,"xadvance":33,"chnl":15,"x":559,"y":200,"page":0},{"id":13025,"index":0,"char":"㋡","width":25,"height":30,"xoffset":3,"yoffset":5,"xadvance":33,"chnl":15,"x":585,"y":200,"page":0},{"id":9856,"index":0,"char":"⚀","width":25,"height":30,"xoffset":3,"yoffset":5,"xadvance":33,"chnl":15,"x":611,"y":200,"page":0},{"id":9857,"index":0,"char":"⚁","width":25,"height":30,"xoffset":3,"yoffset":5,"xadvance":33,"chnl":15,"x":681,"y":170,"page":0},{"id":9858,"index":0,"char":"⚂","width":25,"height":30,"xoffset":3,"yoffset":5,"xadvance":33,"chnl":15,"x":707,"y":170,"page":0},{"id":9859,"index":0,"char":"⚃","width":25,"height":30,"xoffset":3,"yoffset":5,"xadvance":33,"chnl":15,"x":733,"y":170,"page":0},{"id":9860,"index":0,"char":"⚄","width":25,"height":30,"xoffset":3,"yoffset":5,"xadvance":33,"chnl":15,"x":759,"y":170,"page":0},{"id":9861,"index":0,"char":"⚅","width":25,"height":30,"xoffset":3,"yoffset":5,"xadvance":33,"chnl":15,"x":785,"y":170,"page":0},{"id":55304,"index":0,"char":"𒆜","width":25,"height":30,"xoffset":3,"yoffset":5,"xadvance":33,"chnl":15,"x":811,"y":170,"page":0},{"id":10158,"index":0,"char":"➮","width":25,"height":30,"xoffset":3,"yoffset":5,"xadvance":33,"chnl":15,"x":837,"y":194,"page":0},{"id":10159,"index":0,"char":"➯","width":25,"height":30,"xoffset":3,"yoffset":5,"xadvance":33,"chnl":15,"x":863,"y":210,"page":0},{"id":10161,"index":0,"char":"➱","width":25,"height":30,"xoffset":3,"yoffset":5,"xadvance":33,"chnl":15,"x":889,"y":210,"page":0},{"id":10146,"index":0,"char":"➢","width":25,"height":30,"xoffset":3,"yoffset":5,"xadvance":33,"chnl":15,"x":915,"y":238,"page":0},{"id":10147,"index":0,"char":"➣","width":25,"height":30,"xoffset":3,"yoffset":5,"xadvance":33,"chnl":15,"x":941,"y":238,"page":0},{"id":10148,"index":0,"char":"➤","width":25,"height":30,"xoffset":3,"yoffset":5,"xadvance":33,"chnl":15,"x":967,"y":238,"page":0},{"id":10149,"index":0,"char":"➥","width":25,"height":30,"xoffset":3,"yoffset":5,"xadvance":33,"chnl":15,"x":993,"y":238,"page":0},{"id":10150,"index":0,"char":"➦","width":25,"height":30,"xoffset":3,"yoffset":5,"xadvance":33,"chnl":15,"x":637,"y":201,"page":0},{"id":10163,"index":0,"char":"➳","width":25,"height":30,"xoffset":3,"yoffset":5,"xadvance":33,"chnl":15,"x":509,"y":231,"page":0},{"id":10170,"index":0,"char":"➺","width":25,"height":30,"xoffset":3,"yoffset":5,"xadvance":33,"chnl":15,"x":483,"y":255,"page":0},{"id":8593,"index":0,"char":"↑","width":25,"height":30,"xoffset":3,"yoffset":5,"xadvance":33,"chnl":15,"x":428,"y":264,"page":0},{"id":8595,"index":0,"char":"↓","width":25,"height":30,"xoffset":3,"yoffset":5,"xadvance":33,"chnl":15,"x":454,"y":264,"page":0},{"id":8610,"index":0,"char":"↢","width":25,"height":30,"xoffset":3,"yoffset":5,"xadvance":33,"chnl":15,"x":395,"y":272,"page":0},{"id":8612,"index":0,"char":"↤","width":25,"height":30,"xoffset":3,"yoffset":5,"xadvance":33,"chnl":15,"x":356,"y":301,"page":0},{"id":8613,"index":0,"char":"↥","width":25,"height":30,"xoffset":3,"yoffset":5,"xadvance":33,"chnl":15,"x":304,"y":305,"page":0},{"id":8614,"index":0,"char":"↦","width":25,"height":30,"xoffset":3,"yoffset":5,"xadvance":33,"chnl":15,"x":330,"y":305,"page":0},{"id":8615,"index":0,"char":"↧","width":25,"height":30,"xoffset":3,"yoffset":5,"xadvance":33,"chnl":15,"x":264,"y":306,"page":0},{"id":8611,"index":0,"char":"↣","width":25,"height":30,"xoffset":3,"yoffset":5,"xadvance":33,"chnl":15,"x":220,"y":308,"page":0},{"id":8604,"index":0,"char":"↜","width":25,"height":30,"xoffset":3,"yoffset":5,"xadvance":33,"chnl":15,"x":178,"y":338,"page":0},{"id":8605,"index":0,"char":"↝","width":25,"height":30,"xoffset":3,"yoffset":5,"xadvance":33,"chnl":15,"x":104,"y":342,"page":0},{"id":8623,"index":0,"char":"↯","width":25,"height":30,"xoffset":3,"yoffset":5,"xadvance":33,"chnl":15,"x":78,"y":344,"page":0},{"id":8662,"index":0,"char":"⇖","width":25,"height":30,"xoffset":3,"yoffset":5,"xadvance":33,"chnl":15,"x":52,"y":346,"page":0},{"id":8663,"index":0,"char":"⇗","width":25,"height":30,"xoffset":3,"yoffset":5,"xadvance":33,"chnl":15,"x":130,"y":342,"page":0},{"id":8664,"index":0,"char":"⇘","width":25,"height":30,"xoffset":3,"yoffset":5,"xadvance":33,"chnl":15,"x":0,"y":376,"page":0},{"id":8665,"index":0,"char":"⇙","width":25,"height":30,"xoffset":3,"yoffset":5,"xadvance":33,"chnl":15,"x":26,"y":376,"page":0},{"id":8678,"index":0,"char":"⇦","width":25,"height":30,"xoffset":3,"yoffset":5,"xadvance":33,"chnl":15,"x":535,"y":231,"page":0},{"id":8679,"index":0,"char":"⇧","width":25,"height":30,"xoffset":3,"yoffset":5,"xadvance":33,"chnl":15,"x":561,"y":231,"page":0},{"id":8680,"index":0,"char":"⇨","width":25,"height":30,"xoffset":3,"yoffset":5,"xadvance":33,"chnl":15,"x":587,"y":231,"page":0},{"id":8681,"index":0,"char":"⇩","width":25,"height":30,"xoffset":3,"yoffset":5,"xadvance":33,"chnl":15,"x":663,"y":201,"page":0},{"id":10594,"index":0,"char":"⥢","width":25,"height":30,"xoffset":3,"yoffset":5,"xadvance":33,"chnl":15,"x":689,"y":201,"page":0},{"id":10595,"index":0,"char":"⥣","width":25,"height":30,"xoffset":3,"yoffset":5,"xadvance":33,"chnl":15,"x":715,"y":201,"page":0},{"id":10596,"index":0,"char":"⥤","width":25,"height":30,"xoffset":3,"yoffset":5,"xadvance":33,"chnl":15,"x":741,"y":201,"page":0},{"id":10597,"index":0,"char":"⥥","width":25,"height":30,"xoffset":3,"yoffset":5,"xadvance":33,"chnl":15,"x":767,"y":201,"page":0},{"id":55308,"index":0,"char":"𓅆","width":25,"height":30,"xoffset":3,"yoffset":5,"xadvance":33,"chnl":15,"x":793,"y":201,"page":0},{"id":55308,"index":0,"char":"𓅇","width":25,"height":30,"xoffset":3,"yoffset":5,"xadvance":33,"chnl":15,"x":819,"y":225,"page":0},{"id":55308,"index":0,"char":"𓅓","width":25,"height":30,"xoffset":3,"yoffset":5,"xadvance":33,"chnl":15,"x":845,"y":241,"page":0},{"id":55308,"index":0,"char":"𓅔","width":25,"height":30,"xoffset":3,"yoffset":5,"xadvance":33,"chnl":15,"x":871,"y":241,"page":0},{"id":8531,"index":0,"char":"⅓","width":25,"height":30,"xoffset":3,"yoffset":5,"xadvance":33,"chnl":15,"x":897,"y":269,"page":0},{"id":8532,"index":0,"char":"⅔","width":25,"height":30,"xoffset":3,"yoffset":5,"xadvance":33,"chnl":15,"x":923,"y":269,"page":0},{"id":8533,"index":0,"char":"⅕","width":25,"height":30,"xoffset":3,"yoffset":5,"xadvance":33,"chnl":15,"x":949,"y":269,"page":0},{"id":8534,"index":0,"char":"⅖","width":25,"height":30,"xoffset":3,"yoffset":5,"xadvance":33,"chnl":15,"x":975,"y":269,"page":0},{"id":8535,"index":0,"char":"⅗","width":25,"height":30,"xoffset":3,"yoffset":5,"xadvance":33,"chnl":15,"x":613,"y":232,"page":0},{"id":8536,"index":0,"char":"⅘","width":25,"height":30,"xoffset":3,"yoffset":5,"xadvance":33,"chnl":15,"x":509,"y":262,"page":0},{"id":8537,"index":0,"char":"⅙","width":25,"height":30,"xoffset":3,"yoffset":5,"xadvance":33,"chnl":15,"x":480,"y":286,"page":0},{"id":8538,"index":0,"char":"⅚","width":25,"height":30,"xoffset":3,"yoffset":5,"xadvance":33,"chnl":15,"x":421,"y":295,"page":0},{"id":8528,"index":0,"char":"⅐","width":25,"height":30,"xoffset":3,"yoffset":5,"xadvance":33,"chnl":15,"x":447,"y":295,"page":0},{"id":8539,"index":0,"char":"⅛","width":25,"height":30,"xoffset":3,"yoffset":5,"xadvance":33,"chnl":15,"x":382,"y":303,"page":0},{"id":8540,"index":0,"char":"⅜","width":25,"height":30,"xoffset":3,"yoffset":5,"xadvance":33,"chnl":15,"x":356,"y":332,"page":0},{"id":8541,"index":0,"char":"⅝","width":25,"height":30,"xoffset":3,"yoffset":5,"xadvance":33,"chnl":15,"x":290,"y":336,"page":0},{"id":8542,"index":0,"char":"⅞","width":25,"height":30,"xoffset":3,"yoffset":5,"xadvance":33,"chnl":15,"x":316,"y":336,"page":0},{"id":8529,"index":0,"char":"⅑","width":25,"height":30,"xoffset":3,"yoffset":5,"xadvance":33,"chnl":15,"x":246,"y":337,"page":0},{"id":8530,"index":0,"char":"⅒","width":25,"height":30,"xoffset":3,"yoffset":5,"xadvance":33,"chnl":15,"x":204,"y":339,"page":0},{"id":9450,"index":0,"char":"⓪","width":25,"height":30,"xoffset":3,"yoffset":5,"xadvance":33,"chnl":15,"x":156,"y":369,"page":0},{"id":9312,"index":0,"char":"①","width":25,"height":30,"xoffset":3,"yoffset":5,"xadvance":33,"chnl":15,"x":104,"y":373,"page":0},{"id":9313,"index":0,"char":"②","width":25,"height":30,"xoffset":3,"yoffset":5,"xadvance":33,"chnl":15,"x":130,"y":373,"page":0},{"id":9314,"index":0,"char":"③","width":25,"height":30,"xoffset":3,"yoffset":5,"xadvance":33,"chnl":15,"x":78,"y":375,"page":0},{"id":9315,"index":0,"char":"④","width":25,"height":30,"xoffset":3,"yoffset":5,"xadvance":33,"chnl":15,"x":52,"y":377,"page":0},{"id":9316,"index":0,"char":"⑤","width":25,"height":30,"xoffset":3,"yoffset":5,"xadvance":33,"chnl":15,"x":0,"y":407,"page":0},{"id":9317,"index":0,"char":"⑥","width":25,"height":30,"xoffset":3,"yoffset":5,"xadvance":33,"chnl":15,"x":26,"y":407,"page":0},{"id":9318,"index":0,"char":"⑦","width":25,"height":30,"xoffset":3,"yoffset":5,"xadvance":33,"chnl":15,"x":535,"y":262,"page":0},{"id":9319,"index":0,"char":"⑧","width":25,"height":30,"xoffset":3,"yoffset":5,"xadvance":33,"chnl":15,"x":561,"y":262,"page":0},{"id":9320,"index":0,"char":"⑨","width":25,"height":30,"xoffset":3,"yoffset":5,"xadvance":33,"chnl":15,"x":587,"y":262,"page":0},{"id":116,"index":87,"char":"t","width":15,"height":28,"xoffset":0,"yoffset":7,"xadvance":12,"chnl":15,"x":32,"y":152,"page":0},{"id":59,"index":30,"char":";","width":14,"height":28,"xoffset":-1,"yoffset":12,"xadvance":14,"chnl":15,"x":0,"y":254,"page":0},{"id":8211,"index":164,"char":"–","width":26,"height":5,"xoffset":-2,"yoffset":20,"xadvance":21,"chnl":15,"x":639,"y":232,"page":0},{"id":60,"index":31,"char":"<","width":26,"height":24,"xoffset":-1,"yoffset":7,"xadvance":28,"chnl":15,"x":666,"y":232,"page":0},{"id":62,"index":33,"char":">","width":26,"height":24,"xoffset":-1,"yoffset":7,"xadvance":28,"chnl":15,"x":639,"y":238,"page":0},{"id":95,"index":66,"char":"_","width":26,"height":6,"xoffset":-2,"yoffset":38,"xadvance":21,"chnl":15,"x":693,"y":232,"page":0},{"id":126,"index":97,"char":"~","width":26,"height":10,"xoffset":-1,"yoffset":17,"xadvance":23,"chnl":15,"x":720,"y":232,"page":0},{"id":1095,"index":170,"char":"ч","width":26,"height":20,"xoffset":-2,"yoffset":9,"xadvance":23,"chnl":15,"x":693,"y":239,"page":0},{"id":172,"index":154,"char":"¬","width":26,"height":12,"xoffset":-1,"yoffset":13,"xadvance":28,"chnl":15,"x":666,"y":257,"page":0},{"id":43,"index":14,"char":"+","width":26,"height":26,"xoffset":-1,"yoffset":6,"xadvance":28,"chnl":15,"x":613,"y":263,"page":0},{"id":247,"index":170,"char":"÷","width":26,"height":20,"xoffset":-2,"yoffset":9,"xadvance":23,"chnl":15,"x":747,"y":232,"page":0},{"id":61,"index":32,"char":"=","width":26,"height":12,"xoffset":-1,"yoffset":13,"xadvance":28,"chnl":15,"x":720,"y":243,"page":0},{"id":177,"index":145,"char":"±","width":26,"height":26,"xoffset":-2,"yoffset":6,"xadvance":23,"chnl":15,"x":774,"y":232,"page":0},{"id":1096,"index":151,"char":"ш","width":24,"height":25,"xoffset":-2,"yoffset":11,"xadvance":21,"chnl":15,"x":640,"y":263,"page":0},{"id":120,"index":91,"char":"x","width":24,"height":23,"xoffset":-3,"yoffset":12,"xadvance":19,"chnl":15,"x":747,"y":253,"page":0},{"id":171,"index":156,"char":"«","width":23,"height":24,"xoffset":0,"yoffset":12,"xadvance":21,"chnl":15,"x":1001,"y":269,"page":0},{"id":187,"index":157,"char":"»","width":23,"height":24,"xoffset":-1,"yoffset":12,"xadvance":21,"chnl":15,"x":1001,"y":294,"page":0},{"id":97,"index":68,"char":"a","width":23,"height":23,"xoffset":-1,"yoffset":12,"xadvance":21,"chnl":15,"x":720,"y":256,"page":0},{"id":99,"index":70,"char":"c","width":21,"height":23,"xoffset":-1,"yoffset":12,"xadvance":19,"chnl":15,"x":473,"y":116,"page":0},{"id":101,"index":72,"char":"e","width":21,"height":23,"xoffset":-1,"yoffset":12,"xadvance":19,"chnl":15,"x":78,"y":284,"page":0},{"id":110,"index":81,"char":"n","width":22,"height":23,"xoffset":-1,"yoffset":12,"xadvance":21,"chnl":15,"x":837,"y":170,"page":0},{"id":111,"index":82,"char":"o","width":22,"height":23,"xoffset":-1,"yoffset":12,"xadvance":21,"chnl":15,"x":915,"y":210,"page":0},{"id":114,"index":85,"char":"r","width":20,"height":23,"xoffset":-1,"yoffset":12,"xadvance":16,"chnl":15,"x":496,"y":83,"page":0},{"id":115,"index":86,"char":"s","width":20,"height":23,"xoffset":-2,"yoffset":12,"xadvance":16,"chnl":15,"x":879,"y":108,"page":0},{"id":117,"index":88,"char":"u","width":23,"height":23,"xoffset":-1,"yoffset":12,"xadvance":21,"chnl":15,"x":693,"y":260,"page":0},{"id":118,"index":89,"char":"v","width":22,"height":23,"xoffset":-1,"yoffset":12,"xadvance":19,"chnl":15,"x":665,"y":270,"page":0},{"id":58,"index":29,"char":":","width":13,"height":23,"xoffset":1,"yoffset":12,"xadvance":14,"chnl":15,"x":160,"y":220,"page":0},{"id":122,"index":93,"char":"z","width":22,"height":22,"xoffset":-3,"yoffset":13,"xadvance":16,"chnl":15,"x":431,"y":179,"page":0},{"id":94,"index":65,"char":"^","width":22,"height":19,"xoffset":-1,"yoffset":3,"xadvance":18,"chnl":15,"x":525,"y":140,"page":0},{"id":42,"index":13,"char":"*","width":19,"height":21,"xoffset":1,"yoffset":2,"xadvance":21,"chnl":15,"x":972,"y":115,"page":0},{"id":1063,"index":211,"char":"Ч","width":21,"height":21,"xoffset":1,"yoffset":9,"xadvance":28,"chnl":15,"x":483,"y":202,"page":0},{"id":215,"index":211,"char":"×","width":21,"height":21,"xoffset":1,"yoffset":9,"xadvance":28,"chnl":15,"x":104,"y":313,"page":0},{"id":8222,"index":179,"char":"„","width":19,"height":13,"xoffset":-1,"yoffset":27,"xadvance":23,"chnl":15,"x":863,"y":194,"page":0},{"id":8220,"index":166,"char":"“","width":19,"height":13,"xoffset":6,"yoffset":3,"xadvance":23,"chnl":15,"x":156,"y":342,"page":0},{"id":34,"index":5,"char":"\"","width":17,"height":16,"xoffset":4,"yoffset":3,"xadvance":18,"chnl":15,"x":455,"y":148,"page":0},{"id":176,"index":131,"char":"°","width":17,"height":17,"xoffset":0,"yoffset":3,"xadvance":17,"chnl":15,"x":116,"y":221,"page":0},{"id":39,"index":10,"char":"'","width":9,"height":16,"xoffset":4,"yoffset":3,"xadvance":9,"chnl":15,"x":32,"y":40,"page":0},{"id":45,"index":16,"char":"-","width":15,"height":7,"xoffset":-1,"yoffset":21,"xadvance":14,"chnl":15,"x":96,"y":141,"page":0},{"id":8226,"index":135,"char":"•","width":14,"height":14,"xoffset":0,"yoffset":12,"xadvance":15,"chnl":15,"x":924,"y":99,"page":0},{"id":44,"index":15,"char":",","width":10,"height":13,"xoffset":-2,"yoffset":27,"xadvance":11,"chnl":15,"x":32,"y":57,"page":0},{"id":8216,"index":168,"char":"‘","width":10,"height":13,"xoffset":7,"yoffset":3,"xadvance":14,"chnl":15,"x":118,"y":65,"page":0},{"id":8217,"index":169,"char":"’","width":10,"height":13,"xoffset":6,"yoffset":3,"xadvance":14,"chnl":15,"x":48,"y":117,"page":0},{"id":96,"index":67,"char":"`","width":11,"height":11,"xoffset":5,"yoffset":2,"xadvance":14,"chnl":15,"x":116,"y":239,"page":0},{"id":8729,"index":177,"char":"∙","width":9,"height":9,"xoffset":1,"yoffset":15,"xadvance":11,"chnl":15,"x":85,"y":106,"page":0},{"id":46,"index":17,"char":".","width":8,"height":8,"xoffset":-1,"yoffset":27,"xadvance":11,"chnl":15,"x":1016,"y":176,"page":0},{"id":183,"index":219,"char":"·","width":8,"height":8,"xoffset":8,"yoffset":14,"xadvance":14,"chnl":15,"x":1016,"y":185,"page":0},{"id":32,"index":3,"char":" ","width":0,"height":0,"xoffset":-2,"yoffset":31,"xadvance":11,"chnl":15,"x":449,"y":76,"page":0}],"info":{"face":"timesnewromanpsitalicmt","size":42,"bold":0,"italic":0,"charset":["A","a","B","b","C","c","D","d","E","e","F","f","G","g","H","h","I","i","J","j","K","k","L","l","M","m","N","n","O","o","P","p","Q","q","R","r","S","s","T","t","U","u","V","v","W","w","X","x","Y","y","Z","z","Ä","ä","Ö","ö","Ü","ü","ß"," ","0","1","2","3","4","5","6","7","8","9",".",",",":",";","!","?","…","-","–","—","(",")","[","]","{","}","<",">","\"","‘","’","«","»","„","“","@","#","$","%","^","&","*","_","~","`","|","\\","/","'","А","а","Б","б","В","в","Г","г","Д","д","Е","е","Ё","ё","Ж","ж","З","з","И","и","Й","й","К","к","Л","л","М","м","Н","н","О","о","П","п","Р","р","С","с","Т","т","У","у","Ф","ф","Х","х","Ц","ц","Ч","ч","Ш","ш","Щ","щ","Ъ","ъ","Ы","ы","Ь","ь","Э","э","Ю","ю","Я","я","Ґ","ґ","Є","є","І","і","Ї","ї","§","©","®","™","°","′","″","‡","†","¶","•","·","¬","+","−","×","÷","=","≠","≈","≤","≥","±","∞","√","∑","∫","∂","∆","∇","π","φ","µ","∈","∉","∪","∩","∅","∧","∨","⊂","⊃","⊆","⊇","∀","∃","∴","∵","∓","∙","⋅","∘","→","←","⇒","⇔","↔","️","Α","Β","Γ","Δ","Ε","Ζ","Η","Θ","Ι","Κ","Λ","Μ","Ν","Ξ","Ο","Π","Ρ","Σ","Τ","Υ","Φ","Χ","Ψ","Ω","α","β","γ","δ","ε","ζ","η","θ","ι","κ","λ","μ","ν","ξ","ο","ρ","σ","τ","υ","χ","ψ","ω","∏","♡","♥","💜","☺","☻","✰","❀","☑","☯","☘","⫷","⫸","༄","༅","☕","☀","☼","𝄞","㋡","⚀","⚁","⚂","⚃","⚄","⚅","𒆜","➮","➯","➱","➢","➣","➤","➥","➦","➳","➺","↑","↓","↢","↤","↥","↦","↧","↣","↜","↝","↯","⇖","⇗","⇘","⇙","⇦","⇧","⇨","⇩","⥢","⥣","⥤","⥥","𓅆","𓅇","𓅓","𓅔","½","⅓","⅔","¼","¾","⅕","⅖","⅗","⅘","⅙","⅚","⅐","⅛","⅜","⅝","⅞","⅑","⅒","⓪","①","②","③","④","⑤","⑥","⑦","⑧","⑨"],"unicode":1,"stretchH":100,"smooth":1,"aa":1,"padding":[2,2,2,2],"spacing":[0,0]},"common":{"lineHeight":45,"base":31,"scaleW":1024,"scaleH":1024,"pages":1,"packed":0,"alphaChnl":0,"redChnl":0,"greenChnl":0,"blueChnl":0},"distanceField":{"fieldType":"msdf","distanceRange":4},"kernings":[{"first":65,"second":84,"amount":-2},{"first":65,"second":86,"amount":-2},{"first":65,"second":118,"amount":-2},{"first":65,"second":87,"amount":-2},{"first":65,"second":119,"amount":-2},{"first":65,"second":89,"amount":-2},{"first":65,"second":121,"amount":-2},{"first":65,"second":32,"amount":-1},{"first":65,"second":8217,"amount":-2},{"first":70,"second":65,"amount":-5},{"first":70,"second":46,"amount":-5},{"first":70,"second":44,"amount":-5},{"first":102,"second":8217,"amount":4},{"first":76,"second":84,"amount":-1},{"first":76,"second":86,"amount":-2},{"first":76,"second":87,"amount":-2},{"first":76,"second":89,"amount":-1},{"first":76,"second":121,"amount":-1},{"first":76,"second":32,"amount":-1},{"first":76,"second":8217,"amount":-2},{"first":80,"second":65,"amount":-5},{"first":80,"second":32,"amount":-1},{"first":80,"second":46,"amount":-5},{"first":80,"second":44,"amount":-5},{"first":82,"second":86,"amount":-1},{"first":82,"second":87,"amount":-1},{"first":82,"second":89,"amount":-1},{"first":82,"second":121,"amount":-1},{"first":114,"second":99,"amount":-2},{"first":114,"second":100,"amount":-2},{"first":114,"second":101,"amount":-2},{"first":114,"second":103,"amount":-2},{"first":114,"second":104,"amount":-1},{"first":114,"second":111,"amount":-2},{"first":114,"second":113,"amount":-2},{"first":114,"second":46,"amount":-5},{"first":114,"second":44,"amount":-5},{"first":114,"second":45,"amount":-1},{"first":114,"second":8217,"amount":2},{"first":84,"second":65,"amount":-3},{"first":84,"second":97,"amount":-4},{"first":84,"second":99,"amount":-4},{"first":84,"second":101,"amount":-4},{"first":84,"second":105,"amount":-2},{"first":84,"second":79,"amount":-1},{"first":84,"second":111,"amount":-4},{"first":84,"second":114,"amount":-2},{"first":84,"second":115,"amount":-4},{"first":84,"second":117,"amount":-2},{"first":84,"second":119,"amount":-3},{"first":84,"second":121,"amount":-3},{"first":84,"second":32,"amount":-1},{"first":84,"second":46,"amount":-3},{"first":84,"second":44,"amount":-3},{"first":84,"second":58,"amount":-2},{"first":84,"second":59,"amount":-3},{"first":84,"second":45,"amount":-3},{"first":86,"second":65,"amount":-3},{"first":86,"second":97,"amount":-5},{"first":86,"second":101,"amount":-5},{"first":86,"second":105,"amount":-3},{"first":86,"second":79,"amount":-1},{"first":86,"second":111,"amount":-5},{"first":86,"second":114,"amount":-3},{"first":86,"second":117,"amount":-3},{"first":86,"second":121,"amount":-4},{"first":86,"second":32,"amount":-1},{"first":86,"second":46,"amount":-5},{"first":86,"second":44,"amount":-5},{"first":86,"second":58,"amount":-3},{"first":86,"second":59,"amount":-3},{"first":86,"second":45,"amount":-2},{"first":118,"second":46,"amount":-3},{"first":118,"second":44,"amount":-3},{"first":87,"second":65,"amount":-3},{"first":87,"second":97,"amount":-4},{"first":87,"second":101,"amount":-4},{"first":87,"second":105,"amount":-2},{"first":87,"second":111,"amount":-4},{"first":87,"second":114,"amount":-2},{"first":87,"second":117,"amount":-2},{"first":87,"second":121,"amount":-4},{"first":87,"second":46,"amount":-4},{"first":87,"second":44,"amount":-4},{"first":87,"second":58,"amount":-3},{"first":87,"second":59,"amount":-3},{"first":87,"second":45,"amount":-2},{"first":119,"second":46,"amount":-3},{"first":119,"second":44,"amount":-3},{"first":89,"second":65,"amount":-3},{"first":89,"second":97,"amount":-4},{"first":89,"second":101,"amount":-4},{"first":89,"second":105,"amount":-3},{"first":89,"second":111,"amount":-4},{"first":89,"second":112,"amount":-4},{"first":89,"second":113,"amount":-5},{"first":89,"second":117,"amount":-4},{"first":89,"second":118,"amount":-4},{"first":89,"second":46,"amount":-4},{"first":89,"second":44,"amount":-4},{"first":89,"second":58,"amount":-3},{"first":89,"second":59,"amount":-3},{"first":89,"second":45,"amount":-3},{"first":121,"second":46,"amount":-2},{"first":121,"second":44,"amount":-2},{"first":32,"second":65,"amount":-1},{"first":49,"second":49,"amount":-3},{"first":8216,"second":8216,"amount":-5},{"first":8217,"second":115,"amount":-5},{"first":8217,"second":116,"amount":-5},{"first":8217,"second":32,"amount":-5},{"first":8217,"second":8217,"amount":-5}]}